--
-- PostgreSQL database dump
--

\restrict JyqQqVBicxh1FXUfqM5RhUjyex0n0J82ybaFxTQD0FYv1OTIzOgkgITcqOYBItt

-- Dumped from database version 15.14 (Debian 15.14-1.pgdg13+1)
-- Dumped by pg_dump version 15.14 (Debian 15.14-1.pgdg13+1)

SET statement_timeout = 0;
SET lock_timeout = 0;
SET idle_in_transaction_session_timeout = 0;
SET client_encoding = 'UTF8';
SET standard_conforming_strings = on;
SELECT pg_catalog.set_config('search_path', '', false);
SET check_function_bodies = false;
SET xmloption = content;
SET client_min_messages = warning;
SET row_security = off;

--
-- Name: myshelter; Type: SCHEMA; Schema: -; Owner: postgres
--

CREATE SCHEMA myshelter;


ALTER SCHEMA myshelter OWNER TO postgres;

SET default_tablespace = '';

SET default_table_access_method = heap;

--
-- Name: animals_animal; Type: TABLE; Schema: myshelter; Owner: postgres
--

CREATE TABLE myshelter.animals_animal (
    id bigint NOT NULL,
    chip_id character varying(15) NOT NULL,
    species character varying(10) NOT NULL,
    gender character varying(10) NOT NULL,
    age_numeric integer,
    age_category character varying(15),
    name character varying(20) NOT NULL,
    injured boolean NOT NULL,
    behavior character varying(25) NOT NULL,
    vaccination_status character varying(15) NOT NULL,
    sterilization_status character varying(15) NOT NULL,
    cage_number integer NOT NULL,
    entry_date timestamp with time zone NOT NULL,
    capture_location character varying(100) NOT NULL,
    capture_date date NOT NULL,
    finder_contact text NOT NULL,
    public_visibility boolean NOT NULL,
    adoption_status character varying(20) NOT NULL,
    qr_code character varying(100),
    created_at timestamp with time zone NOT NULL,
    updated_at timestamp with time zone NOT NULL,
    created_by_id integer,
    CONSTRAINT animals_animal_age_numeric_check CHECK ((age_numeric >= 0)),
    CONSTRAINT animals_animal_cage_number_check CHECK ((cage_number >= 0))
);


ALTER TABLE myshelter.animals_animal OWNER TO postgres;

--
-- Name: animals_animal_id_seq; Type: SEQUENCE; Schema: myshelter; Owner: postgres
--

ALTER TABLE myshelter.animals_animal ALTER COLUMN id ADD GENERATED BY DEFAULT AS IDENTITY (
    SEQUENCE NAME myshelter.animals_animal_id_seq
    START WITH 1
    INCREMENT BY 1
    NO MINVALUE
    NO MAXVALUE
    CACHE 1
);


--
-- Name: animals_animalphoto; Type: TABLE; Schema: myshelter; Owner: postgres
--

CREATE TABLE myshelter.animals_animalphoto (
    id bigint NOT NULL,
    image character varying(100) NOT NULL,
    is_primary boolean NOT NULL,
    caption character varying(100) NOT NULL,
    uploaded_at timestamp with time zone NOT NULL,
    animal_id bigint NOT NULL,
    uploaded_by_id integer
);


ALTER TABLE myshelter.animals_animalphoto OWNER TO postgres;

--
-- Name: animals_animalphoto_id_seq; Type: SEQUENCE; Schema: myshelter; Owner: postgres
--

ALTER TABLE myshelter.animals_animalphoto ALTER COLUMN id ADD GENERATED BY DEFAULT AS IDENTITY (
    SEQUENCE NAME myshelter.animals_animalphoto_id_seq
    START WITH 1
    INCREMENT BY 1
    NO MINVALUE
    NO MAXVALUE
    CACHE 1
);


--
-- Name: animals_medicalrecord; Type: TABLE; Schema: myshelter; Owner: postgres
--

CREATE TABLE myshelter.animals_medicalrecord (
    id bigint NOT NULL,
    record_type character varying(15) NOT NULL,
    description text NOT NULL,
    date_recorded date NOT NULL,
    created_at timestamp with time zone NOT NULL,
    animal_id bigint NOT NULL,
    created_by_id integer
);


ALTER TABLE myshelter.animals_medicalrecord OWNER TO postgres;

--
-- Name: animals_medicalrecord_id_seq; Type: SEQUENCE; Schema: myshelter; Owner: postgres
--

ALTER TABLE myshelter.animals_medicalrecord ALTER COLUMN id ADD GENERATED BY DEFAULT AS IDENTITY (
    SEQUENCE NAME myshelter.animals_medicalrecord_id_seq
    START WITH 1
    INCREMENT BY 1
    NO MINVALUE
    NO MAXVALUE
    CACHE 1
);


--
-- Name: animals_vaccination; Type: TABLE; Schema: myshelter; Owner: postgres
--

CREATE TABLE myshelter.animals_vaccination (
    id bigint NOT NULL,
    vaccine_name character varying(50) NOT NULL,
    other_vaccine_name character varying(100) NOT NULL,
    date_administered date NOT NULL,
    next_due_date date,
    administered_by character varying(100) NOT NULL,
    batch_number character varying(50) NOT NULL,
    notes text NOT NULL,
    created_at timestamp with time zone NOT NULL,
    animal_id bigint NOT NULL,
    created_by_id integer
);


ALTER TABLE myshelter.animals_vaccination OWNER TO postgres;

--
-- Name: animals_vaccination_id_seq; Type: SEQUENCE; Schema: myshelter; Owner: postgres
--

ALTER TABLE myshelter.animals_vaccination ALTER COLUMN id ADD GENERATED BY DEFAULT AS IDENTITY (
    SEQUENCE NAME myshelter.animals_vaccination_id_seq
    START WITH 1
    INCREMENT BY 1
    NO MINVALUE
    NO MAXVALUE
    CACHE 1
);


--
-- Name: auth_group; Type: TABLE; Schema: myshelter; Owner: postgres
--

CREATE TABLE myshelter.auth_group (
    id integer NOT NULL,
    name character varying(150) NOT NULL
);


ALTER TABLE myshelter.auth_group OWNER TO postgres;

--
-- Name: auth_group_id_seq; Type: SEQUENCE; Schema: myshelter; Owner: postgres
--

ALTER TABLE myshelter.auth_group ALTER COLUMN id ADD GENERATED BY DEFAULT AS IDENTITY (
    SEQUENCE NAME myshelter.auth_group_id_seq
    START WITH 1
    INCREMENT BY 1
    NO MINVALUE
    NO MAXVALUE
    CACHE 1
);


--
-- Name: auth_group_permissions; Type: TABLE; Schema: myshelter; Owner: postgres
--

CREATE TABLE myshelter.auth_group_permissions (
    id bigint NOT NULL,
    group_id integer NOT NULL,
    permission_id integer NOT NULL
);


ALTER TABLE myshelter.auth_group_permissions OWNER TO postgres;

--
-- Name: auth_group_permissions_id_seq; Type: SEQUENCE; Schema: myshelter; Owner: postgres
--

ALTER TABLE myshelter.auth_group_permissions ALTER COLUMN id ADD GENERATED BY DEFAULT AS IDENTITY (
    SEQUENCE NAME myshelter.auth_group_permissions_id_seq
    START WITH 1
    INCREMENT BY 1
    NO MINVALUE
    NO MAXVALUE
    CACHE 1
);


--
-- Name: auth_permission; Type: TABLE; Schema: myshelter; Owner: postgres
--

CREATE TABLE myshelter.auth_permission (
    id integer NOT NULL,
    name character varying(255) NOT NULL,
    content_type_id integer NOT NULL,
    codename character varying(100) NOT NULL
);


ALTER TABLE myshelter.auth_permission OWNER TO postgres;

--
-- Name: auth_permission_id_seq; Type: SEQUENCE; Schema: myshelter; Owner: postgres
--

ALTER TABLE myshelter.auth_permission ALTER COLUMN id ADD GENERATED BY DEFAULT AS IDENTITY (
    SEQUENCE NAME myshelter.auth_permission_id_seq
    START WITH 1
    INCREMENT BY 1
    NO MINVALUE
    NO MAXVALUE
    CACHE 1
);


--
-- Name: auth_user; Type: TABLE; Schema: myshelter; Owner: postgres
--

CREATE TABLE myshelter.auth_user (
    id integer NOT NULL,
    password character varying(128) NOT NULL,
    last_login timestamp with time zone,
    is_superuser boolean NOT NULL,
    username character varying(150) NOT NULL,
    first_name character varying(150) NOT NULL,
    last_name character varying(150) NOT NULL,
    email character varying(254) NOT NULL,
    is_staff boolean NOT NULL,
    is_active boolean NOT NULL,
    date_joined timestamp with time zone NOT NULL
);


ALTER TABLE myshelter.auth_user OWNER TO postgres;

--
-- Name: auth_user_groups; Type: TABLE; Schema: myshelter; Owner: postgres
--

CREATE TABLE myshelter.auth_user_groups (
    id bigint NOT NULL,
    user_id integer NOT NULL,
    group_id integer NOT NULL
);


ALTER TABLE myshelter.auth_user_groups OWNER TO postgres;

--
-- Name: auth_user_groups_id_seq; Type: SEQUENCE; Schema: myshelter; Owner: postgres
--

ALTER TABLE myshelter.auth_user_groups ALTER COLUMN id ADD GENERATED BY DEFAULT AS IDENTITY (
    SEQUENCE NAME myshelter.auth_user_groups_id_seq
    START WITH 1
    INCREMENT BY 1
    NO MINVALUE
    NO MAXVALUE
    CACHE 1
);


--
-- Name: auth_user_id_seq; Type: SEQUENCE; Schema: myshelter; Owner: postgres
--

ALTER TABLE myshelter.auth_user ALTER COLUMN id ADD GENERATED BY DEFAULT AS IDENTITY (
    SEQUENCE NAME myshelter.auth_user_id_seq
    START WITH 1
    INCREMENT BY 1
    NO MINVALUE
    NO MAXVALUE
    CACHE 1
);


--
-- Name: auth_user_user_permissions; Type: TABLE; Schema: myshelter; Owner: postgres
--

CREATE TABLE myshelter.auth_user_user_permissions (
    id bigint NOT NULL,
    user_id integer NOT NULL,
    permission_id integer NOT NULL
);


ALTER TABLE myshelter.auth_user_user_permissions OWNER TO postgres;

--
-- Name: auth_user_user_permissions_id_seq; Type: SEQUENCE; Schema: myshelter; Owner: postgres
--

ALTER TABLE myshelter.auth_user_user_permissions ALTER COLUMN id ADD GENERATED BY DEFAULT AS IDENTITY (
    SEQUENCE NAME myshelter.auth_user_user_permissions_id_seq
    START WITH 1
    INCREMENT BY 1
    NO MINVALUE
    NO MAXVALUE
    CACHE 1
);


--
-- Name: django_admin_log; Type: TABLE; Schema: myshelter; Owner: postgres
--

CREATE TABLE myshelter.django_admin_log (
    id integer NOT NULL,
    action_time timestamp with time zone NOT NULL,
    object_id text,
    object_repr character varying(200) NOT NULL,
    action_flag smallint NOT NULL,
    change_message text NOT NULL,
    content_type_id integer,
    user_id integer NOT NULL,
    CONSTRAINT django_admin_log_action_flag_check CHECK ((action_flag >= 0))
);


ALTER TABLE myshelter.django_admin_log OWNER TO postgres;

--
-- Name: django_admin_log_id_seq; Type: SEQUENCE; Schema: myshelter; Owner: postgres
--

ALTER TABLE myshelter.django_admin_log ALTER COLUMN id ADD GENERATED BY DEFAULT AS IDENTITY (
    SEQUENCE NAME myshelter.django_admin_log_id_seq
    START WITH 1
    INCREMENT BY 1
    NO MINVALUE
    NO MAXVALUE
    CACHE 1
);


--
-- Name: django_content_type; Type: TABLE; Schema: myshelter; Owner: postgres
--

CREATE TABLE myshelter.django_content_type (
    id integer NOT NULL,
    app_label character varying(100) NOT NULL,
    model character varying(100) NOT NULL
);


ALTER TABLE myshelter.django_content_type OWNER TO postgres;

--
-- Name: django_content_type_id_seq; Type: SEQUENCE; Schema: myshelter; Owner: postgres
--

ALTER TABLE myshelter.django_content_type ALTER COLUMN id ADD GENERATED BY DEFAULT AS IDENTITY (
    SEQUENCE NAME myshelter.django_content_type_id_seq
    START WITH 1
    INCREMENT BY 1
    NO MINVALUE
    NO MAXVALUE
    CACHE 1
);


--
-- Name: django_migrations; Type: TABLE; Schema: myshelter; Owner: postgres
--

CREATE TABLE myshelter.django_migrations (
    id bigint NOT NULL,
    app character varying(255) NOT NULL,
    name character varying(255) NOT NULL,
    applied timestamp with time zone NOT NULL
);


ALTER TABLE myshelter.django_migrations OWNER TO postgres;

--
-- Name: django_migrations_id_seq; Type: SEQUENCE; Schema: myshelter; Owner: postgres
--

ALTER TABLE myshelter.django_migrations ALTER COLUMN id ADD GENERATED BY DEFAULT AS IDENTITY (
    SEQUENCE NAME myshelter.django_migrations_id_seq
    START WITH 1
    INCREMENT BY 1
    NO MINVALUE
    NO MAXVALUE
    CACHE 1
);


--
-- Name: django_session; Type: TABLE; Schema: myshelter; Owner: postgres
--

CREATE TABLE myshelter.django_session (
    session_key character varying(40) NOT NULL,
    session_data text NOT NULL,
    expire_date timestamp with time zone NOT NULL
);


ALTER TABLE myshelter.django_session OWNER TO postgres;

--
-- Name: auth_group; Type: TABLE; Schema: public; Owner: postgres
--

CREATE TABLE public.auth_group (
    id integer NOT NULL,
    name character varying(150) NOT NULL
);


ALTER TABLE public.auth_group OWNER TO postgres;

--
-- Name: auth_group_id_seq; Type: SEQUENCE; Schema: public; Owner: postgres
--

ALTER TABLE public.auth_group ALTER COLUMN id ADD GENERATED BY DEFAULT AS IDENTITY (
    SEQUENCE NAME public.auth_group_id_seq
    START WITH 1
    INCREMENT BY 1
    NO MINVALUE
    NO MAXVALUE
    CACHE 1
);


--
-- Name: auth_group_permissions; Type: TABLE; Schema: public; Owner: postgres
--

CREATE TABLE public.auth_group_permissions (
    id bigint NOT NULL,
    group_id integer NOT NULL,
    permission_id integer NOT NULL
);


ALTER TABLE public.auth_group_permissions OWNER TO postgres;

--
-- Name: auth_group_permissions_id_seq; Type: SEQUENCE; Schema: public; Owner: postgres
--

ALTER TABLE public.auth_group_permissions ALTER COLUMN id ADD GENERATED BY DEFAULT AS IDENTITY (
    SEQUENCE NAME public.auth_group_permissions_id_seq
    START WITH 1
    INCREMENT BY 1
    NO MINVALUE
    NO MAXVALUE
    CACHE 1
);


--
-- Name: auth_permission; Type: TABLE; Schema: public; Owner: postgres
--

CREATE TABLE public.auth_permission (
    id integer NOT NULL,
    name character varying(255) NOT NULL,
    content_type_id integer NOT NULL,
    codename character varying(100) NOT NULL
);


ALTER TABLE public.auth_permission OWNER TO postgres;

--
-- Name: auth_permission_id_seq; Type: SEQUENCE; Schema: public; Owner: postgres
--

ALTER TABLE public.auth_permission ALTER COLUMN id ADD GENERATED BY DEFAULT AS IDENTITY (
    SEQUENCE NAME public.auth_permission_id_seq
    START WITH 1
    INCREMENT BY 1
    NO MINVALUE
    NO MAXVALUE
    CACHE 1
);


--
-- Name: auth_user; Type: TABLE; Schema: public; Owner: postgres
--

CREATE TABLE public.auth_user (
    id integer NOT NULL,
    password character varying(128) NOT NULL,
    last_login timestamp with time zone,
    is_superuser boolean NOT NULL,
    username character varying(150) NOT NULL,
    first_name character varying(150) NOT NULL,
    last_name character varying(150) NOT NULL,
    email character varying(254) NOT NULL,
    is_staff boolean NOT NULL,
    is_active boolean NOT NULL,
    date_joined timestamp with time zone NOT NULL
);


ALTER TABLE public.auth_user OWNER TO postgres;

--
-- Name: auth_user_groups; Type: TABLE; Schema: public; Owner: postgres
--

CREATE TABLE public.auth_user_groups (
    id bigint NOT NULL,
    user_id integer NOT NULL,
    group_id integer NOT NULL
);


ALTER TABLE public.auth_user_groups OWNER TO postgres;

--
-- Name: auth_user_groups_id_seq; Type: SEQUENCE; Schema: public; Owner: postgres
--

ALTER TABLE public.auth_user_groups ALTER COLUMN id ADD GENERATED BY DEFAULT AS IDENTITY (
    SEQUENCE NAME public.auth_user_groups_id_seq
    START WITH 1
    INCREMENT BY 1
    NO MINVALUE
    NO MAXVALUE
    CACHE 1
);


--
-- Name: auth_user_id_seq; Type: SEQUENCE; Schema: public; Owner: postgres
--

ALTER TABLE public.auth_user ALTER COLUMN id ADD GENERATED BY DEFAULT AS IDENTITY (
    SEQUENCE NAME public.auth_user_id_seq
    START WITH 1
    INCREMENT BY 1
    NO MINVALUE
    NO MAXVALUE
    CACHE 1
);


--
-- Name: auth_user_user_permissions; Type: TABLE; Schema: public; Owner: postgres
--

CREATE TABLE public.auth_user_user_permissions (
    id bigint NOT NULL,
    user_id integer NOT NULL,
    permission_id integer NOT NULL
);


ALTER TABLE public.auth_user_user_permissions OWNER TO postgres;

--
-- Name: auth_user_user_permissions_id_seq; Type: SEQUENCE; Schema: public; Owner: postgres
--

ALTER TABLE public.auth_user_user_permissions ALTER COLUMN id ADD GENERATED BY DEFAULT AS IDENTITY (
    SEQUENCE NAME public.auth_user_user_permissions_id_seq
    START WITH 1
    INCREMENT BY 1
    NO MINVALUE
    NO MAXVALUE
    CACHE 1
);


--
-- Name: authtoken_token; Type: TABLE; Schema: public; Owner: postgres
--

CREATE TABLE public.authtoken_token (
    key character varying(40) NOT NULL,
    created timestamp with time zone NOT NULL,
    user_id integer NOT NULL
);


ALTER TABLE public.authtoken_token OWNER TO postgres;

--
-- Name: django_admin_log; Type: TABLE; Schema: public; Owner: postgres
--

CREATE TABLE public.django_admin_log (
    id integer NOT NULL,
    action_time timestamp with time zone NOT NULL,
    object_id text,
    object_repr character varying(200) NOT NULL,
    action_flag smallint NOT NULL,
    change_message text NOT NULL,
    content_type_id integer,
    user_id integer NOT NULL,
    CONSTRAINT django_admin_log_action_flag_check CHECK ((action_flag >= 0))
);


ALTER TABLE public.django_admin_log OWNER TO postgres;

--
-- Name: django_admin_log_id_seq; Type: SEQUENCE; Schema: public; Owner: postgres
--

ALTER TABLE public.django_admin_log ALTER COLUMN id ADD GENERATED BY DEFAULT AS IDENTITY (
    SEQUENCE NAME public.django_admin_log_id_seq
    START WITH 1
    INCREMENT BY 1
    NO MINVALUE
    NO MAXVALUE
    CACHE 1
);


--
-- Name: django_content_type; Type: TABLE; Schema: public; Owner: postgres
--

CREATE TABLE public.django_content_type (
    id integer NOT NULL,
    app_label character varying(100) NOT NULL,
    model character varying(100) NOT NULL
);


ALTER TABLE public.django_content_type OWNER TO postgres;

--
-- Name: django_content_type_id_seq; Type: SEQUENCE; Schema: public; Owner: postgres
--

ALTER TABLE public.django_content_type ALTER COLUMN id ADD GENERATED BY DEFAULT AS IDENTITY (
    SEQUENCE NAME public.django_content_type_id_seq
    START WITH 1
    INCREMENT BY 1
    NO MINVALUE
    NO MAXVALUE
    CACHE 1
);


--
-- Name: django_migrations; Type: TABLE; Schema: public; Owner: postgres
--

CREATE TABLE public.django_migrations (
    id bigint NOT NULL,
    app character varying(255) NOT NULL,
    name character varying(255) NOT NULL,
    applied timestamp with time zone NOT NULL
);


ALTER TABLE public.django_migrations OWNER TO postgres;

--
-- Name: django_migrations_id_seq; Type: SEQUENCE; Schema: public; Owner: postgres
--

ALTER TABLE public.django_migrations ALTER COLUMN id ADD GENERATED BY DEFAULT AS IDENTITY (
    SEQUENCE NAME public.django_migrations_id_seq
    START WITH 1
    INCREMENT BY 1
    NO MINVALUE
    NO MAXVALUE
    CACHE 1
);


--
-- Name: django_session; Type: TABLE; Schema: public; Owner: postgres
--

CREATE TABLE public.django_session (
    session_key character varying(40) NOT NULL,
    session_data text NOT NULL,
    expire_date timestamp with time zone NOT NULL
);


ALTER TABLE public.django_session OWNER TO postgres;

--
-- Name: shelter_domain; Type: TABLE; Schema: public; Owner: postgres
--

CREATE TABLE public.shelter_domain (
    id bigint NOT NULL,
    domain character varying(253) NOT NULL,
    is_primary boolean NOT NULL,
    tenant_id bigint NOT NULL
);


ALTER TABLE public.shelter_domain OWNER TO postgres;

--
-- Name: shelter_domain_id_seq; Type: SEQUENCE; Schema: public; Owner: postgres
--

ALTER TABLE public.shelter_domain ALTER COLUMN id ADD GENERATED BY DEFAULT AS IDENTITY (
    SEQUENCE NAME public.shelter_domain_id_seq
    START WITH 1
    INCREMENT BY 1
    NO MINVALUE
    NO MAXVALUE
    CACHE 1
);


--
-- Name: shelter_shelter; Type: TABLE; Schema: public; Owner: postgres
--

CREATE TABLE public.shelter_shelter (
    id bigint NOT NULL,
    schema_name character varying(63) NOT NULL,
    name character varying(100) NOT NULL,
    description text NOT NULL,
    contact_email character varying(254) NOT NULL,
    contact_phone character varying(20) NOT NULL,
    address text NOT NULL,
    created_on timestamp with time zone NOT NULL
);


ALTER TABLE public.shelter_shelter OWNER TO postgres;

--
-- Name: shelter_shelter_id_seq; Type: SEQUENCE; Schema: public; Owner: postgres
--

ALTER TABLE public.shelter_shelter ALTER COLUMN id ADD GENERATED BY DEFAULT AS IDENTITY (
    SEQUENCE NAME public.shelter_shelter_id_seq
    START WITH 1
    INCREMENT BY 1
    NO MINVALUE
    NO MAXVALUE
    CACHE 1
);


--
-- Name: shelter_shelteruser; Type: TABLE; Schema: public; Owner: postgres
--

CREATE TABLE public.shelter_shelteruser (
    id bigint NOT NULL,
    role character varying(10) NOT NULL,
    created_at timestamp with time zone NOT NULL,
    user_id integer NOT NULL
);


ALTER TABLE public.shelter_shelteruser OWNER TO postgres;

--
-- Name: shelter_shelteruser_id_seq; Type: SEQUENCE; Schema: public; Owner: postgres
--

ALTER TABLE public.shelter_shelteruser ALTER COLUMN id ADD GENERATED BY DEFAULT AS IDENTITY (
    SEQUENCE NAME public.shelter_shelteruser_id_seq
    START WITH 1
    INCREMENT BY 1
    NO MINVALUE
    NO MAXVALUE
    CACHE 1
);


--
-- Data for Name: animals_animal; Type: TABLE DATA; Schema: myshelter; Owner: postgres
--

COPY myshelter.animals_animal (id, chip_id, species, gender, age_numeric, age_category, name, injured, behavior, vaccination_status, sterilization_status, cage_number, entry_date, capture_location, capture_date, finder_contact, public_visibility, adoption_status, qr_code, created_at, updated_at, created_by_id) FROM stdin;
7	123446789012345	dog	male	2	\N	Τζώνυς	t	ΗΡΕΜΟ	ΕΜΒΟΛΙΟ_1	yes	1	2025-12-14 17:27:12.622583+00	Test Location	2025-12-14	adsadsf	t	available	qr_codes/qr_123446789012345_kJn8TnN.png	2025-12-14 17:27:12.622649+00	2025-12-21 18:23:49.406426+00	3
6	333999999999999	cat	female	3	\N	DebugCat	f	ΗΡΕΜΟ	ΕΜΒΟΛΙΟ_5	scheduled	1	2025-12-14 17:17:40.326485+00	Test Location	2025-12-14	adasd	t	available	qr_codes/qr_333999999999999_ANMKyZl.png	2025-12-14 17:17:40.326564+00	2025-12-21 18:25:39.833184+00	3
\.


--
-- Data for Name: animals_animalphoto; Type: TABLE DATA; Schema: myshelter; Owner: postgres
--

COPY myshelter.animals_animalphoto (id, image, is_primary, caption, uploaded_at, animal_id, uploaded_by_id) FROM stdin;
7	animal_photos/catTest0.jpg	f		2025-12-19 19:21:49.727606+00	6	3
6	animal_photos/dog-9670619_1280.webp	t		2025-12-19 19:12:34.502366+00	7	3
9	animal_photos/Les_5_races_de_chiens_preferees_des_Francais_057c589a8c.webp	f		2025-12-19 20:13:27.880316+00	7	3
10	animal_photos/pexels-csibeman-19024652.jpg	f		2025-12-19 20:13:27.885818+00	7	3
\.


--
-- Data for Name: animals_medicalrecord; Type: TABLE DATA; Schema: myshelter; Owner: postgres
--

COPY myshelter.animals_medicalrecord (id, record_type, description, date_recorded, created_at, animal_id, created_by_id) FROM stdin;
3	pathology	adfafas	2025-12-14	2025-12-14 17:17:40.37668+00	6	3
4	pathology	adfafsd	2025-12-14	2025-12-14 17:27:12.667422+00	7	3
5	diagnosis	διαγνωση1	2025-12-19	2025-12-19 17:47:03.816585+00	6	3
6	diagnosis	διαγνωση 2	2025-12-03	2025-12-19 17:47:03.819929+00	6	3
\.


--
-- Data for Name: animals_vaccination; Type: TABLE DATA; Schema: myshelter; Owner: postgres
--

COPY myshelter.animals_vaccination (id, vaccine_name, other_vaccine_name, date_administered, next_due_date, administered_by, batch_number, notes, created_at, animal_id, created_by_id) FROM stdin;
1	distemper		2025-12-19	2026-12-19				2025-12-19 18:18:06.100402+00	7	3
2	parvovirus		2025-12-19	2025-12-26				2025-12-19 18:18:06.105368+00	7	3
3	bordetella	όνομα εμβόλιο	2025-12-20	2026-04-17	εγώ		σημειώσεις	2025-12-20 13:27:29.595396+00	6	3
\.


--
-- Data for Name: auth_group; Type: TABLE DATA; Schema: myshelter; Owner: postgres
--

COPY myshelter.auth_group (id, name) FROM stdin;
\.


--
-- Data for Name: auth_group_permissions; Type: TABLE DATA; Schema: myshelter; Owner: postgres
--

COPY myshelter.auth_group_permissions (id, group_id, permission_id) FROM stdin;
\.


--
-- Data for Name: auth_permission; Type: TABLE DATA; Schema: myshelter; Owner: postgres
--

COPY myshelter.auth_permission (id, name, content_type_id, codename) FROM stdin;
1	Can add log entry	1	add_logentry
2	Can change log entry	1	change_logentry
3	Can delete log entry	1	delete_logentry
4	Can view log entry	1	view_logentry
5	Can add permission	2	add_permission
6	Can change permission	2	change_permission
7	Can delete permission	2	delete_permission
8	Can view permission	2	view_permission
9	Can add group	3	add_group
10	Can change group	3	change_group
11	Can delete group	3	delete_group
12	Can view group	3	view_group
13	Can add user	4	add_user
14	Can change user	4	change_user
15	Can delete user	4	delete_user
16	Can view user	4	view_user
17	Can add content type	5	add_contenttype
18	Can change content type	5	change_contenttype
19	Can delete content type	5	delete_contenttype
20	Can view content type	5	view_contenttype
21	Can add session	6	add_session
22	Can change session	6	change_session
23	Can delete session	6	delete_session
24	Can view session	6	view_session
25	Can add Token	7	add_token
26	Can change Token	7	change_token
27	Can delete Token	7	delete_token
28	Can view Token	7	view_token
29	Can add token	8	add_tokenproxy
30	Can change token	8	change_tokenproxy
31	Can delete token	8	delete_tokenproxy
32	Can view token	8	view_tokenproxy
33	Can add shelter	9	add_shelter
34	Can change shelter	9	change_shelter
35	Can delete shelter	9	delete_shelter
36	Can view shelter	9	view_shelter
37	Can add shelter user	10	add_shelteruser
38	Can change shelter user	10	change_shelteruser
39	Can delete shelter user	10	delete_shelteruser
40	Can view shelter user	10	view_shelteruser
41	Can add domain	11	add_domain
42	Can change domain	11	change_domain
43	Can delete domain	11	delete_domain
44	Can view domain	11	view_domain
45	Can add animal	12	add_animal
46	Can change animal	12	change_animal
47	Can delete animal	12	delete_animal
48	Can view animal	12	view_animal
49	Can add medical record	13	add_medicalrecord
50	Can change medical record	13	change_medicalrecord
51	Can delete medical record	13	delete_medicalrecord
52	Can view medical record	13	view_medicalrecord
53	Can add animal photo	14	add_animalphoto
54	Can change animal photo	14	change_animalphoto
55	Can delete animal photo	14	delete_animalphoto
56	Can view animal photo	14	view_animalphoto
57	Can add Εμβολιασμός	15	add_vaccination
58	Can change Εμβολιασμός	15	change_vaccination
59	Can delete Εμβολιασμός	15	delete_vaccination
60	Can view Εμβολιασμός	15	view_vaccination
\.


--
-- Data for Name: auth_user; Type: TABLE DATA; Schema: myshelter; Owner: postgres
--

COPY myshelter.auth_user (id, password, last_login, is_superuser, username, first_name, last_name, email, is_staff, is_active, date_joined) FROM stdin;
1	pbkdf2_sha256$600000$2F0c6R5YVF6UzVzI9v2zcZ$Wo6rIs/0f9sfs7liWEZvCDXi3QH97fwXbaoBJ8axGhE=	2025-09-26 15:47:42.347499+00	t	shelteradmin			admin@shelter.com	t	t	2025-09-26 15:46:56.02938+00
3	pbkdf2_sha256$600000$L50EQA2xPIWgfZlHxoyipk$NlN4c4kqUWD6xyQZSVsiP4OnTE+0EFhkRgj3eW1vlw8=	2025-12-21 18:10:57.686532+00	t	admin			admin@shelter.local	t	t	2025-12-13 19:40:18.64804+00
\.


--
-- Data for Name: auth_user_groups; Type: TABLE DATA; Schema: myshelter; Owner: postgres
--

COPY myshelter.auth_user_groups (id, user_id, group_id) FROM stdin;
\.


--
-- Data for Name: auth_user_user_permissions; Type: TABLE DATA; Schema: myshelter; Owner: postgres
--

COPY myshelter.auth_user_user_permissions (id, user_id, permission_id) FROM stdin;
\.


--
-- Data for Name: django_admin_log; Type: TABLE DATA; Schema: myshelter; Owner: postgres
--

COPY myshelter.django_admin_log (id, action_time, object_id, object_repr, action_flag, change_message, content_type_id, user_id) FROM stdin;
1	2025-12-14 10:42:58.451895+00	1	Test Dog (123456789012345)	2	[]	12	3
2	2025-12-14 10:43:09.876341+00	1	Test Loulou (123456789012345)	2	[{"changed": {"fields": ["Name"]}}]	12	3
3	2025-12-14 10:43:23.914644+00	1	Test Loulou (123456789012345)	2	[{"changed": {"fields": ["Age numeric", "Age category"]}}]	12	3
4	2025-12-14 10:43:31.95282+00	1	Test Loulou (123456789012345)	2	[{"changed": {"fields": ["Gender"]}}]	12	3
5	2025-12-14 10:49:49.201179+00	1	Photo of Test Loulou	1	[{"added": {}}]	14	3
6	2025-12-14 11:11:31.614743+00	2	TestAnimal (111111111111111)	1	[{"added": {}}]	12	3
7	2025-12-14 17:12:09.801298+00	4	Test Loulou22 (173456789012345)	1	[{"added": {}}, {"added": {"name": "medical record", "object": "Test Loulou22 - \\u03a0\\u03b1\\u03b8\\u03ae\\u03c3\\u03b5\\u03b9\\u03c2"}}]	12	3
8	2025-12-14 17:14:46.868371+00	4	Test Loulou22 (173456789012345)	2	[{"added": {"name": "animal photo", "object": "Photo of Test Loulou22"}}]	12	3
9	2025-12-14 17:16:14.049047+00	5	Test Loulou (339999999999999)	1	[{"added": {}}, {"added": {"name": "medical record", "object": "Test Loulou - \\u03a0\\u03b1\\u03b8\\u03ae\\u03c3\\u03b5\\u03b9\\u03c2"}}, {"added": {"name": "animal photo", "object": "Photo of Test Loulou"}}]	12	3
10	2025-12-14 17:17:40.38833+00	6	DebugCat (333999999999999)	1	[{"added": {}}, {"added": {"name": "medical record", "object": "DebugCat - \\u03a0\\u03b1\\u03b8\\u03ae\\u03c3\\u03b5\\u03b9\\u03c2"}}, {"added": {"name": "animal photo", "object": "Photo of DebugCat"}}]	12	3
11	2025-12-14 17:27:12.679246+00	7	Debug Photo (123446789012345)	1	[{"added": {}}, {"added": {"name": "medical record", "object": "Debug Photo - \\u03a0\\u03b1\\u03b8\\u03ae\\u03c3\\u03b5\\u03b9\\u03c2"}}, {"added": {"name": "animal photo", "object": "Photo of Debug Photo"}}]	12	3
12	2025-12-19 17:47:03.826762+00	6	DebugCat (333999999999999)	2	[{"changed": {"fields": ["\\u0394\\u03b7\\u03bc\\u03cc\\u03c3\\u03b9\\u03b1 \\u03c0\\u03c1\\u03bf\\u03b2\\u03bf\\u03bb\\u03ae"]}}, {"added": {"name": "medical record", "object": "DebugCat - \\u0394\\u03b9\\u03b1\\u03b3\\u03bd\\u03ce\\u03c3\\u03b5\\u03b9\\u03c2"}}, {"added": {"name": "medical record", "object": "DebugCat - \\u0394\\u03b9\\u03b1\\u03b3\\u03bd\\u03ce\\u03c3\\u03b5\\u03b9\\u03c2"}}]	12	3
13	2025-12-19 18:18:06.112594+00	7	Debug Photo (123446789012345)	2	[{"added": {"name": "\\u0395\\u03bc\\u03b2\\u03bf\\u03bb\\u03b9\\u03b1\\u03c3\\u03bc\\u03cc\\u03c2", "object": "Debug Photo - \\u039d\\u03cc\\u03c3\\u03bf\\u03c2 \\u03c4\\u03bf\\u03c5 Carr\\u00e9 (2025-12-19)"}}, {"added": {"name": "\\u0395\\u03bc\\u03b2\\u03bf\\u03bb\\u03b9\\u03b1\\u03c3\\u03bc\\u03cc\\u03c2", "object": "Debug Photo - \\u03a0\\u03b1\\u03c1\\u03b2\\u03bf\\u03ca\\u03cc\\u03c2 (2025-12-19)"}}]	12	3
14	2025-12-19 18:28:41.198364+00	7	Debug Photo (123446789012345)	2	[]	12	3
15	2025-12-19 19:12:34.507641+00	7	Debug Photo (123446789012345)	2	[{"added": {"name": "animal photo", "object": "Photo of Debug Photo"}}, {"deleted": {"name": "animal photo", "object": "Photo of Debug Photo"}}]	12	3
16	2025-12-19 19:14:37.131798+00	7	Τζώνυς (123446789012345)	2	[{"changed": {"fields": ["Name"]}}]	12	3
17	2025-12-19 19:15:35.994085+00	7	Τζώνυς (123446789012345)	2	[{"changed": {"fields": ["Species", "\\u03a4\\u03c1\\u03b1\\u03c5\\u03bc\\u03b1\\u03c4\\u03b9\\u03c3\\u03bc\\u03ad\\u03bd\\u03bf"]}}]	12	3
18	2025-12-19 19:21:49.732927+00	6	DebugCat (333999999999999)	2	[{"added": {"name": "animal photo", "object": "Photo of DebugCat"}}, {"deleted": {"name": "animal photo", "object": "Photo of DebugCat"}}]	12	3
19	2025-12-19 20:11:30.022855+00	7	Τζώνυς (123446789012345)	2	[{"added": {"name": "animal photo", "object": "Photo of \\u03a4\\u03b6\\u03ce\\u03bd\\u03c5\\u03c2"}}, {"changed": {"name": "animal photo", "object": "Photo of \\u03a4\\u03b6\\u03ce\\u03bd\\u03c5\\u03c2", "fields": ["Is primary"]}}]	12	3
20	2025-12-19 20:13:27.888237+00	7	Τζώνυς (123446789012345)	2	[{"added": {"name": "animal photo", "object": "Photo of \\u03a4\\u03b6\\u03ce\\u03bd\\u03c5\\u03c2"}}, {"added": {"name": "animal photo", "object": "Photo of \\u03a4\\u03b6\\u03ce\\u03bd\\u03c5\\u03c2"}}, {"deleted": {"name": "animal photo", "object": "Photo of \\u03a4\\u03b6\\u03ce\\u03bd\\u03c5\\u03c2"}}]	12	3
21	2025-12-19 20:14:46.030568+00	5	Test Loulou (339999999999999)	3		12	3
22	2025-12-19 20:14:46.036393+00	4	Test Loulou22 (173456789012345)	3		12	3
23	2025-12-19 20:14:46.041524+00	3	DebugDog (399999999999999)	3		12	3
24	2025-12-19 20:14:46.045651+00	2	TestAnimal (111111111111111)	3		12	3
25	2025-12-19 20:14:46.050347+00	1	Test Loulou (123456789012345)	3		12	3
26	2025-12-20 13:27:29.604447+00	3	DebugCat - Μπορντετέλλα (2025-12-20)	1	[{"added": {}}]	15	3
27	2025-12-20 13:27:37.929798+00	3	DebugCat - Μπορντετέλλα (2025-12-20)	2	[]	15	3
28	2025-12-21 18:23:49.494344+00	7	Τζώνυς (123446789012345)	2	[{"changed": {"fields": ["QR Code"]}}]	12	3
29	2025-12-21 18:25:39.91965+00	6	DebugCat (333999999999999)	2	[{"changed": {"fields": ["QR Code"]}}]	12	3
\.


--
-- Data for Name: django_content_type; Type: TABLE DATA; Schema: myshelter; Owner: postgres
--

COPY myshelter.django_content_type (id, app_label, model) FROM stdin;
1	admin	logentry
2	auth	permission
3	auth	group
4	auth	user
5	contenttypes	contenttype
6	sessions	session
7	authtoken	token
8	authtoken	tokenproxy
9	shelter	shelter
10	shelter	shelteruser
11	shelter	domain
12	animals	animal
13	animals	medicalrecord
14	animals	animalphoto
15	animals	vaccination
\.


--
-- Data for Name: django_migrations; Type: TABLE DATA; Schema: myshelter; Owner: postgres
--

COPY myshelter.django_migrations (id, app, name, applied) FROM stdin;
1	contenttypes	0001_initial	2025-09-26 14:54:04.513039+00
2	auth	0001_initial	2025-09-26 14:54:04.663967+00
3	admin	0001_initial	2025-09-26 14:54:04.714248+00
4	admin	0002_logentry_remove_auto_add	2025-09-26 14:54:04.730912+00
5	admin	0003_logentry_add_action_flag_choices	2025-09-26 14:54:04.75274+00
6	animals	0001_initial	2025-09-26 14:54:04.877985+00
7	contenttypes	0002_remove_content_type_name	2025-09-26 14:54:04.917601+00
8	auth	0002_alter_permission_name_max_length	2025-09-26 14:54:04.94162+00
9	auth	0003_alter_user_email_max_length	2025-09-26 14:54:04.969325+00
10	auth	0004_alter_user_username_opts	2025-09-26 14:54:04.987649+00
11	auth	0005_alter_user_last_login_null	2025-09-26 14:54:05.018899+00
12	auth	0006_require_contenttypes_0002	2025-09-26 14:54:05.027304+00
13	auth	0007_alter_validators_add_error_messages	2025-09-26 14:54:05.041974+00
14	auth	0008_alter_user_username_max_length	2025-09-26 14:54:05.067978+00
15	auth	0009_alter_user_last_name_max_length	2025-09-26 14:54:05.088932+00
16	auth	0010_alter_group_name_max_length	2025-09-26 14:54:05.11342+00
17	auth	0011_update_proxy_permissions	2025-09-26 14:54:05.131725+00
18	auth	0012_alter_user_first_name_max_length	2025-09-26 14:54:05.154181+00
19	authtoken	0001_initial	2025-09-26 14:54:05.171845+00
20	authtoken	0002_auto_20160226_1747	2025-09-26 14:54:05.230824+00
21	authtoken	0003_tokenproxy	2025-09-26 14:54:05.247065+00
22	sessions	0001_initial	2025-09-26 14:54:05.281401+00
23	shelter	0001_initial	2025-09-26 14:54:05.31171+00
24	animals	0002_vaccination	2025-12-19 18:12:33.220766+00
25	animals	0003_alter_animalphoto_options	2025-12-21 13:06:35.509004+00
26	animals	0004_alter_animal_adoption_status_alter_animal_behavior_and_more	2025-12-21 13:27:03.205204+00
27	animals	0005_alter_animalphoto_caption_alter_animalphoto_image_and_more	2025-12-21 13:30:46.757515+00
28	animals	0006_alter_animal_adoption_status_alter_animal_behavior_and_more	2025-12-21 13:35:51.709348+00
29	animals	0007_alter_animal_adoption_status_alter_animal_behavior_and_more	2025-12-21 13:38:47.117747+00
30	animals	0008_alter_animal_age_category_alter_animal_age_numeric_and_more	2025-12-21 13:41:12.300282+00
31	animals	0009_alter_animalphoto_animal_alter_medicalrecord_animal	2025-12-21 13:44:31.945618+00
32	animals	0010_alter_animal_created_at_and_more	2025-12-21 13:46:26.131181+00
\.


--
-- Data for Name: django_session; Type: TABLE DATA; Schema: myshelter; Owner: postgres
--

COPY myshelter.django_session (session_key, session_data, expire_date) FROM stdin;
8sfyfss109ud3w18ub4099oj5bvn12uo	.eJxVjLsOAiEQAP-F2hAgx8vS3m8gy-4ipwaSe1QX_92QXKHtzGQOkWDfatpXXtJM4iq0uPyyDPjiNgQ9oT26xN62Zc5yJPK0q7x34vftbP8GFdY6trawwoDGBTvpgEpbRSqSB-eZvIlQmFXBMEUwPngwRGXKzjIC6Uji8wXfyTht:1v2Afe:7o4aWKsJrFnLBIMX4CpjZH_l0gE6bFP9uMHGT7JYdlU	2025-10-10 15:47:42.363249+00
6i9l8td5osv6bcx3h5uvkkedxnuuloiw	.eJxVjEEOwiAQRe_C2hBamAm6dO8ZyDADUjWQlHbVeHdt0oVu_3vvbyrQupSw9jSHSdRFWXX63SLxM9UdyIPqvWludZmnqHdFH7TrW5P0uh7u30GhXr41ecPexoH9OQkMNkvm0WFM3o-WMhpmNsZjJECEbAQgE7uI5MCyZfX-APsSOIc:1vUVUR:KTaRrhBiXFbpTYikl0T1N6xXgxjjdFA2fjPq9e93utQ	2025-12-27 19:41:15.851811+00
q2ucm2l1b19g6n163nhqk1dsj8z4s6mu	.eJxVjEEOwiAQRe_C2hBamAm6dO8ZyDADUjWQlHbVeHdt0oVu_3vvbyrQupSw9jSHSdRFWXX63SLxM9UdyIPqvWludZmnqHdFH7TrW5P0uh7u30GhXr41ecPexoH9OQkMNkvm0WFM3o-WMhpmNsZjJECEbAQgE7uI5MCyZfX-APsSOIc:1vUlfM:Ak434iKnrDXKqu1Xi-EB8buYpqbD5NliB91h4KwhUZI	2025-12-28 12:57:36.891549+00
3h6pejci1s617zmd7708c2ceuy5v6qos	.eJxVjEEOwiAQRe_C2hBamAm6dO8ZyDADUjWQlHbVeHdt0oVu_3vvbyrQupSw9jSHSdRFWXX63SLxM9UdyIPqvWludZmnqHdFH7TrW5P0uh7u30GhXr41ecPexoH9OQkMNkvm0WFM3o-WMhpmNsZjJECEbAQgE7uI5MCyZfX-APsSOIc:1vUpMy:gqm3LWYv9Sn1q443ytjy5_X_u41NtOURG8UX2YTuRsc	2025-12-28 16:54:52.319764+00
8pjvpx0q2sywjbs77j3793yrtiyr6rkq	.eJxVjEEOwiAQRe_C2hBamAm6dO8ZyDADUjWQlHbVeHdt0oVu_3vvbyrQupSw9jSHSdRFWXX63SLxM9UdyIPqvWludZmnqHdFH7TrW5P0uh7u30GhXr41ecPexoH9OQkMNkvm0WFM3o-WMhpmNsZjJECEbAQgE7uI5MCyZfX-APsSOIc:1vUpr7:6ZjTsDW7uKKfdXTqX89T2CcieDGXB7V7j6wSfIyQuYs	2025-12-28 17:26:01.150154+00
twhvhui6iwgxm17amq1h5ev5epaiqnev	.eJxVjEEOwiAQRe_C2hBamAm6dO8ZyDADUjWQlHbVeHdt0oVu_3vvbyrQupSw9jSHSdRFWXX63SLxM9UdyIPqvWludZmnqHdFH7TrW5P0uh7u30GhXr41ecPexoH9OQkMNkvm0WFM3o-WMhpmNsZjJECEbAQgE7uI5MCyZfX-APsSOIc:1vUreB:VIRPO53Y6ZF4TKgaa9YyGIcTCrKlb_MIBNc6aJV61Qs	2025-12-28 19:20:47.586815+00
sf5i02d6u8ha3f2e25b4n9i9uh8w3n8k	.eJxVjEEOwiAQRe_C2hBamAm6dO8ZyDADUjWQlHbVeHdt0oVu_3vvbyrQupSw9jSHSdRFWXX63SLxM9UdyIPqvWludZmnqHdFH7TrW5P0uh7u30GhXr41ecPexoH9OQkMNkvm0WFM3o-WMhpmNsZjJECEbAQgE7uI5MCyZfX-APsSOIc:1vUrsV:2E1FDe7KC8dVCNza_gTXH3P2xNpcySFKH4RPA1Ws8VA	2025-12-28 19:35:35.353622+00
u1l0rbgdzw6rookau8kz16dq1wbsss1t	.eJxVjEEOwiAQRe_C2hBamAm6dO8ZyDADUjWQlHbVeHdt0oVu_3vvbyrQupSw9jSHSdRFWXX63SLxM9UdyIPqvWludZmnqHdFH7TrW5P0uh7u30GhXr41ecPexoH9OQkMNkvm0WFM3o-WMhpmNsZjJECEbAQgE7uI5MCyZfX-APsSOIc:1vWCgA:AuHbZBozZ-TMVz9s-Z8jCTIOoDP0TL8-Iv4APn1i9Ro	2026-01-01 12:00:22.734052+00
diudgcoyhsq1jxejdqycgb0qqta45jzk	.eJxVjEEOwiAQRe_C2hBamAm6dO8ZyDADUjWQlHbVeHdt0oVu_3vvbyrQupSw9jSHSdRFWXX63SLxM9UdyIPqvWludZmnqHdFH7TrW5P0uh7u30GhXr41ecPexoH9OQkMNkvm0WFM3o-WMhpmNsZjJECEbAQgE7uI5MCyZfX-APsSOIc:1vWr1t:e5faufbea3pNsuaPOLiJVELrvOHBiHpp3RjwKgDJUtw	2026-01-03 07:05:29.9466+00
io2rxk4l4rv4938e68c2o9pmc094sjr6	.eJxVjEEOwiAQRe_C2hBamAm6dO8ZyDADUjWQlHbVeHdt0oVu_3vvbyrQupSw9jSHSdRFWXX63SLxM9UdyIPqvWludZmnqHdFH7TrW5P0uh7u30GhXr41ecPexoH9OQkMNkvm0WFM3o-WMhpmNsZjJECEbAQgE7uI5MCyZfX-APsSOIc:1vWrFT:khrSdhzdegX13ktZw5d1hJHX2XkXAkxh4Lda4sJ31YM	2026-01-03 07:19:31.499282+00
cjql1x39e2okocifqcyobmrp2gkukems	.eJxVjEEOwiAQRe_C2hBamAm6dO8ZyDADUjWQlHbVeHdt0oVu_3vvbyrQupSw9jSHSdRFWXX63SLxM9UdyIPqvWludZmnqHdFH7TrW5P0uh7u30GhXr41ecPexoH9OQkMNkvm0WFM3o-WMhpmNsZjJECEbAQgE7uI5MCyZfX-APsSOIc:1vWsp4:sypZ3zEHiFkfeB96tXHW8gwaRb75efua1TY2GMfDn78	2026-01-03 09:00:22.156288+00
emfiyst7w3up14ef3zhlim9z7wwuadsi	.eJxVjEEOwiAQRe_C2hBamAm6dO8ZyDADUjWQlHbVeHdt0oVu_3vvbyrQupSw9jSHSdRFWXX63SLxM9UdyIPqvWludZmnqHdFH7TrW5P0uh7u30GhXr41ecPexoH9OQkMNkvm0WFM3o-WMhpmNsZjJECEbAQgE7uI5MCyZfX-APsSOIc:1vWsse:-tMowjgCXThIawyqIwnwa_bZ8bFNkq9j7DgGyhOrTec	2026-01-03 09:04:04.119208+00
wf6b7xjst4hidfmcp7jq2cx6tt9j3zun	.eJxVjEEOwiAQRe_C2hBamAm6dO8ZyDADUjWQlHbVeHdt0oVu_3vvbyrQupSw9jSHSdRFWXX63SLxM9UdyIPqvWludZmnqHdFH7TrW5P0uh7u30GhXr41ecPexoH9OQkMNkvm0WFM3o-WMhpmNsZjJECEbAQgE7uI5MCyZfX-APsSOIc:1vWtAc:FV_vawLTmbWVMe-hsGGzL4GT8d4kjshvOZMyMkGEHOA	2026-01-03 09:22:38.090094+00
38a6yyts3lyl4m6hq3rxqkab07mi4b2i	.eJxVjEEOwiAQRe_C2hBamAm6dO8ZyDADUjWQlHbVeHdt0oVu_3vvbyrQupSw9jSHSdRFWXX63SLxM9UdyIPqvWludZmnqHdFH7TrW5P0uh7u30GhXr41ecPexoH9OQkMNkvm0WFM3o-WMhpmNsZjJECEbAQgE7uI5MCyZfX-APsSOIc:1vWtFY:M1qcR4zqxjo_iN8ERNwcgIXjKqzWCJ-h6suSC9IZDkU	2026-01-03 09:27:44.496544+00
m2dxx7es1o36keojtj5hq9vndcs33awt	.eJxVjEEOwiAQRe_C2hBamAm6dO8ZyDADUjWQlHbVeHdt0oVu_3vvbyrQupSw9jSHSdRFWXX63SLxM9UdyIPqvWludZmnqHdFH7TrW5P0uh7u30GhXr41ecPexoH9OQkMNkvm0WFM3o-WMhpmNsZjJECEbAQgE7uI5MCyZfX-APsSOIc:1vXIxT:ROxkMca2_AqZRBRICrv8_KpoL5j5UDdASJeQTesoIts	2026-01-04 12:54:47.065487+00
3ckrc1njp3bynrrp0asm4ht5jslbn7gu	.eJxVjEEOwiAQRe_C2hBamAm6dO8ZyDADUjWQlHbVeHdt0oVu_3vvbyrQupSw9jSHSdRFWXX63SLxM9UdyIPqvWludZmnqHdFH7TrW5P0uh7u30GhXr41ecPexoH9OQkMNkvm0WFM3o-WMhpmNsZjJECEbAQgE7uI5MCyZfX-APsSOIc:1vXJ2s:mKdH23RZwh3Sa0SvpKEfdkucGkiveahJCFp786dMVmQ	2026-01-04 13:00:22.555234+00
413zd5ykw5zbcl3ia8yfprfdpya80qzb	.eJxVjEEOwiAQRe_C2hBamAm6dO8ZyDADUjWQlHbVeHdt0oVu_3vvbyrQupSw9jSHSdRFWXX63SLxM9UdyIPqvWludZmnqHdFH7TrW5P0uh7u30GhXr41ecPexoH9OQkMNkvm0WFM3o-WMhpmNsZjJECEbAQgE7uI5MCyZfX-APsSOIc:1vXJ9g:5f0RRv4PDOIngXDzrP0nVrYf_T1ChVPtRKDgCAn8QQ0	2026-01-04 13:07:24.804864+00
rv34854pd3gsejq4u0l9sffyjlu8ynj7	.eJxVjEEOwiAQRe_C2hBamAm6dO8ZyDADUjWQlHbVeHdt0oVu_3vvbyrQupSw9jSHSdRFWXX63SLxM9UdyIPqvWludZmnqHdFH7TrW5P0uh7u30GhXr41ecPexoH9OQkMNkvm0WFM3o-WMhpmNsZjJECEbAQgE7uI5MCyZfX-APsSOIc:1vXJP2:J57CBhbSybm6aDZ1UBqLhA2CrSoz7jJ_ZJK4xpkgJ0U	2026-01-04 13:23:16.988871+00
5itvb2yd0vmlgz551tqgisn4cmiursxb	.eJxVjEEOwiAQRe_C2hBamAm6dO8ZyDADUjWQlHbVeHdt0oVu_3vvbyrQupSw9jSHSdRFWXX63SLxM9UdyIPqvWludZmnqHdFH7TrW5P0uh7u30GhXr41ecPexoH9OQkMNkvm0WFM3o-WMhpmNsZjJECEbAQgE7uI5MCyZfX-APsSOIc:1vXMOv:ErlluFAGI97KB4tN9I9WK46lX_Tf0WvVfLIuZuW0pAA	2026-01-04 16:35:21.854358+00
ags7hqzdgexqbuj6r3hgnk5s4p81wugi	.eJxVjEEOwiAQRe_C2hBamAm6dO8ZyDADUjWQlHbVeHdt0oVu_3vvbyrQupSw9jSHSdRFWXX63SLxM9UdyIPqvWludZmnqHdFH7TrW5P0uh7u30GhXr41ecPexoH9OQkMNkvm0WFM3o-WMhpmNsZjJECEbAQgE7uI5MCyZfX-APsSOIc:1vXNtR:gUONT3yMflGt2qG2pR7BntQ5fZDQvJyNv-JRhxng8Oo	2026-01-04 18:10:57.690624+00
\.


--
-- Data for Name: auth_group; Type: TABLE DATA; Schema: public; Owner: postgres
--

COPY public.auth_group (id, name) FROM stdin;
\.


--
-- Data for Name: auth_group_permissions; Type: TABLE DATA; Schema: public; Owner: postgres
--

COPY public.auth_group_permissions (id, group_id, permission_id) FROM stdin;
\.


--
-- Data for Name: auth_permission; Type: TABLE DATA; Schema: public; Owner: postgres
--

COPY public.auth_permission (id, name, content_type_id, codename) FROM stdin;
1	Can add log entry	1	add_logentry
2	Can change log entry	1	change_logentry
3	Can delete log entry	1	delete_logentry
4	Can view log entry	1	view_logentry
5	Can add permission	2	add_permission
6	Can change permission	2	change_permission
7	Can delete permission	2	delete_permission
8	Can view permission	2	view_permission
9	Can add group	3	add_group
10	Can change group	3	change_group
11	Can delete group	3	delete_group
12	Can view group	3	view_group
13	Can add user	4	add_user
14	Can change user	4	change_user
15	Can delete user	4	delete_user
16	Can view user	4	view_user
17	Can add content type	5	add_contenttype
18	Can change content type	5	change_contenttype
19	Can delete content type	5	delete_contenttype
20	Can view content type	5	view_contenttype
21	Can add session	6	add_session
22	Can change session	6	change_session
23	Can delete session	6	delete_session
24	Can view session	6	view_session
25	Can add Token	7	add_token
26	Can change Token	7	change_token
27	Can delete Token	7	delete_token
28	Can view Token	7	view_token
29	Can add token	8	add_tokenproxy
30	Can change token	8	change_tokenproxy
31	Can delete token	8	delete_tokenproxy
32	Can view token	8	view_tokenproxy
33	Can add shelter	9	add_shelter
34	Can change shelter	9	change_shelter
35	Can delete shelter	9	delete_shelter
36	Can view shelter	9	view_shelter
37	Can add domain	10	add_domain
38	Can change domain	10	change_domain
39	Can delete domain	10	delete_domain
40	Can view domain	10	view_domain
41	Can add shelter user	11	add_shelteruser
42	Can change shelter user	11	change_shelteruser
43	Can delete shelter user	11	delete_shelteruser
44	Can view shelter user	11	view_shelteruser
45	Can add animal	12	add_animal
46	Can change animal	12	change_animal
47	Can delete animal	12	delete_animal
48	Can view animal	12	view_animal
49	Can add medical record	13	add_medicalrecord
50	Can change medical record	13	change_medicalrecord
51	Can delete medical record	13	delete_medicalrecord
52	Can view medical record	13	view_medicalrecord
53	Can add animal photo	14	add_animalphoto
54	Can change animal photo	14	change_animalphoto
55	Can delete animal photo	14	delete_animalphoto
56	Can view animal photo	14	view_animalphoto
57	Can add Εμβολιασμός	15	add_vaccination
58	Can change Εμβολιασμός	15	change_vaccination
59	Can delete Εμβολιασμός	15	delete_vaccination
60	Can view Εμβολιασμός	15	view_vaccination
\.


--
-- Data for Name: auth_user; Type: TABLE DATA; Schema: public; Owner: postgres
--

COPY public.auth_user (id, password, last_login, is_superuser, username, first_name, last_name, email, is_staff, is_active, date_joined) FROM stdin;
2	pbkdf2_sha256$600000$YoxsycEM7qymHHJ1n801Aa$9bmMaNn8FXMpn87G9Mjh8uXjj80W6mkWzgQv0CFv1Yc=	\N	t	nafanf			nafpigos@gmail.com	t	t	2025-09-26 15:01:11.275253+00
3	pbkdf2_sha256$600000$vyvvz9hVbxBbDOn3dgk02d$d6VWVX7N39ogLvIm5HHKXwmwyWa7T+YSDcmnLs/G11M=	\N	t	nafnaf			nafpigos@gmail.com	t	t	2025-09-26 15:01:26.358611+00
4	pbkdf2_sha256$600000$EiMGNqjYd9bdN92jhe1tlv$RT2YS6OkJ9gCWlZY4NnMudkWp3SoFv2h6X66NJg/5oY=	\N	t	admin1			nafpigos@gmail.com	t	t	2025-09-26 15:39:39.447791+00
5	pbkdf2_sha256$600000$u4BohZBSDWYwTiTvNpmSl5$WK9LRY9aXseJzwvFweWFESiaYNrvXMfGwIXTVLr75QY=	\N	t	dimi			nafpigos@gmail.com	t	t	2025-12-13 18:54:16.437178+00
1	pbkdf2_sha256$600000$qWUvwHcscW4Ljr4SHPXczt$s0cDP5d81yWB8EYZHg17n5Rbg2dEYWOdqZiUYTLUW1w=	2025-12-21 13:01:54.192188+00	t	admin			admin@myshelter.com	t	t	2025-09-26 14:54:12.196742+00
\.


--
-- Data for Name: auth_user_groups; Type: TABLE DATA; Schema: public; Owner: postgres
--

COPY public.auth_user_groups (id, user_id, group_id) FROM stdin;
\.


--
-- Data for Name: auth_user_user_permissions; Type: TABLE DATA; Schema: public; Owner: postgres
--

COPY public.auth_user_user_permissions (id, user_id, permission_id) FROM stdin;
\.


--
-- Data for Name: authtoken_token; Type: TABLE DATA; Schema: public; Owner: postgres
--

COPY public.authtoken_token (key, created, user_id) FROM stdin;
\.


--
-- Data for Name: django_admin_log; Type: TABLE DATA; Schema: public; Owner: postgres
--

COPY public.django_admin_log (id, action_time, object_id, object_repr, action_flag, change_message, content_type_id, user_id) FROM stdin;
\.


--
-- Data for Name: django_content_type; Type: TABLE DATA; Schema: public; Owner: postgres
--

COPY public.django_content_type (id, app_label, model) FROM stdin;
1	admin	logentry
2	auth	permission
3	auth	group
4	auth	user
5	contenttypes	contenttype
6	sessions	session
7	authtoken	token
8	authtoken	tokenproxy
9	shelter	shelter
10	shelter	domain
11	shelter	shelteruser
12	animals	animal
13	animals	medicalrecord
14	animals	animalphoto
15	animals	vaccination
\.


--
-- Data for Name: django_migrations; Type: TABLE DATA; Schema: public; Owner: postgres
--

COPY public.django_migrations (id, app, name, applied) FROM stdin;
1	contenttypes	0001_initial	2025-09-26 14:50:47.697566+00
2	auth	0001_initial	2025-09-26 14:50:47.878143+00
3	admin	0001_initial	2025-09-26 14:50:47.923509+00
4	admin	0002_logentry_remove_auto_add	2025-09-26 14:50:47.944863+00
5	admin	0003_logentry_add_action_flag_choices	2025-09-26 14:50:47.966732+00
6	contenttypes	0002_remove_content_type_name	2025-09-26 14:50:48.00728+00
7	auth	0002_alter_permission_name_max_length	2025-09-26 14:50:48.027222+00
8	auth	0003_alter_user_email_max_length	2025-09-26 14:50:48.048884+00
9	auth	0004_alter_user_username_opts	2025-09-26 14:50:48.067416+00
10	auth	0005_alter_user_last_login_null	2025-09-26 14:50:48.088879+00
11	auth	0006_require_contenttypes_0002	2025-09-26 14:50:48.096403+00
12	auth	0007_alter_validators_add_error_messages	2025-09-26 14:50:48.117125+00
13	auth	0008_alter_user_username_max_length	2025-09-26 14:50:48.145689+00
14	auth	0009_alter_user_last_name_max_length	2025-09-26 14:50:48.171379+00
15	auth	0010_alter_group_name_max_length	2025-09-26 14:50:48.194667+00
16	auth	0011_update_proxy_permissions	2025-09-26 14:50:48.215368+00
17	auth	0012_alter_user_first_name_max_length	2025-09-26 14:50:48.236428+00
18	authtoken	0001_initial	2025-09-26 14:50:48.27852+00
19	authtoken	0002_auto_20160226_1747	2025-09-26 14:50:48.32986+00
20	authtoken	0003_tokenproxy	2025-09-26 14:50:48.337162+00
21	sessions	0001_initial	2025-09-26 14:50:48.371877+00
22	animals	0001_initial	2025-09-26 14:52:30.231136+00
23	shelter	0001_initial	2025-09-26 14:52:30.374196+00
24	animals	0002_vaccination	2025-12-19 18:12:32.929025+00
25	animals	0003_alter_animalphoto_options	2025-12-21 13:06:33.892109+00
26	animals	0004_alter_animal_adoption_status_alter_animal_behavior_and_more	2025-12-21 13:27:01.472997+00
27	animals	0005_alter_animalphoto_caption_alter_animalphoto_image_and_more	2025-12-21 13:30:45.091238+00
28	animals	0006_alter_animal_adoption_status_alter_animal_behavior_and_more	2025-12-21 13:35:49.934725+00
29	animals	0007_alter_animal_adoption_status_alter_animal_behavior_and_more	2025-12-21 13:38:45.327949+00
30	animals	0008_alter_animal_age_category_alter_animal_age_numeric_and_more	2025-12-21 13:41:10.673505+00
31	animals	0009_alter_animalphoto_animal_alter_medicalrecord_animal	2025-12-21 13:44:30.349701+00
32	animals	0010_alter_animal_created_at_and_more	2025-12-21 13:46:24.512253+00
\.


--
-- Data for Name: django_session; Type: TABLE DATA; Schema: public; Owner: postgres
--

COPY public.django_session (session_key, session_data, expire_date) FROM stdin;
sglk7oj0pgmlj2zgn92o0zia4jkzz487	.eJxVjMsOwiAQRf-FtSEyLS-X7v0GMjCDVA0kpV0Z_92QdKHbe865bxFw30rYO69hIXERSpx-t4jpyXUAemC9N5la3dYlyqHIg3Z5a8Sv6-H-HRTsZdQ--6xc1AkoWk1sE6pptnDOzmjvEk-RAa2ZMbMngGjZo0paIxrjQXy-_7w4dw:1vWqsH:diymPgeD6dMCPHcrLQfmVWCa_gUJpFN8DCjOf-iU6V4	2026-01-03 06:55:33.658433+00
73hdpocq4vnri6morwo7wu6l48viyzzp	.eJxVjMsOwiAQRf-FtSEyLS-X7v0GMjCDVA0kpV0Z_92QdKHbe865bxFw30rYO69hIXERSpx-t4jpyXUAemC9N5la3dYlyqHIg3Z5a8Sv6-H-HRTsZdQ--6xc1AkoWk1sE6pptnDOzmjvEk-RAa2ZMbMngGjZo0paIxrjQXy-_7w4dw:1vWqtc:Jy4rLs9FLJJIYso8HjrXFXKOC-sc0WFZmiuh8PyNrbw	2026-01-03 06:56:56.418357+00
7nlae182d8t6f8a9cyr7zajcvnbg56ge	.eJxVjLsOAiEQAP-F2hAgx8vS3m8gy-4ipwaSe1QX_92QXKHtzGQOkWDfatpXXtJM4iq0uPyyDPjiNgQ9oT26xN62Zc5yJPK0q7x34vftbP8GFdY6trawwoDGBTvpgEpbRSqSB-eZvIlQmFXBMEUwPngwRGXKzjIC6Uji8wXfyTht:1vWsbz:C6aI6Rnf2ZdkU3LFwM7B2ec5KMRDvUNE0kCThjcLf88	2026-01-03 08:46:51.025563+00
9abnwteg0o3x6tccimx0x4ldorh8vzaw	.eJxVjLsOAiEQAP-F2hAgx8vS3m8gy-4ipwaSe1QX_92QXKHtzGQOkWDfatpXXtJM4iq0uPyyDPjiNgQ9oT26xN62Zc5yJPK0q7x34vftbP8GFdY6trawwoDGBTvpgEpbRSqSB-eZvIlQmFXBMEUwPngwRGXKzjIC6Uji8wXfyTht:1vXJ4M:5c1cgTQCVt2TffYi1mN09VRWjIij-gk_8UTSLR8YKFM	2026-01-04 13:01:54.195029+00
\.


--
-- Data for Name: shelter_domain; Type: TABLE DATA; Schema: public; Owner: postgres
--

COPY public.shelter_domain (id, domain, is_primary, tenant_id) FROM stdin;
1	shelter.nafnaf.gr	t	1
\.


--
-- Data for Name: shelter_shelter; Type: TABLE DATA; Schema: public; Owner: postgres
--

COPY public.shelter_shelter (id, schema_name, name, description, contact_email, contact_phone, address, created_on) FROM stdin;
1	myshelter	My Animal Shelter		contact@myshelter.com			2025-09-26 14:54:04.419426+00
\.


--
-- Data for Name: shelter_shelteruser; Type: TABLE DATA; Schema: public; Owner: postgres
--

COPY public.shelter_shelteruser (id, role, created_at, user_id) FROM stdin;
1	admin	2025-09-26 14:54:12.650067+00	1
\.


--
-- Name: animals_animal_id_seq; Type: SEQUENCE SET; Schema: myshelter; Owner: postgres
--

SELECT pg_catalog.setval('myshelter.animals_animal_id_seq', 7, true);


--
-- Name: animals_animalphoto_id_seq; Type: SEQUENCE SET; Schema: myshelter; Owner: postgres
--

SELECT pg_catalog.setval('myshelter.animals_animalphoto_id_seq', 10, true);


--
-- Name: animals_medicalrecord_id_seq; Type: SEQUENCE SET; Schema: myshelter; Owner: postgres
--

SELECT pg_catalog.setval('myshelter.animals_medicalrecord_id_seq', 6, true);


--
-- Name: animals_vaccination_id_seq; Type: SEQUENCE SET; Schema: myshelter; Owner: postgres
--

SELECT pg_catalog.setval('myshelter.animals_vaccination_id_seq', 3, true);


--
-- Name: auth_group_id_seq; Type: SEQUENCE SET; Schema: myshelter; Owner: postgres
--

SELECT pg_catalog.setval('myshelter.auth_group_id_seq', 1, false);


--
-- Name: auth_group_permissions_id_seq; Type: SEQUENCE SET; Schema: myshelter; Owner: postgres
--

SELECT pg_catalog.setval('myshelter.auth_group_permissions_id_seq', 1, false);


--
-- Name: auth_permission_id_seq; Type: SEQUENCE SET; Schema: myshelter; Owner: postgres
--

SELECT pg_catalog.setval('myshelter.auth_permission_id_seq', 60, true);


--
-- Name: auth_user_groups_id_seq; Type: SEQUENCE SET; Schema: myshelter; Owner: postgres
--

SELECT pg_catalog.setval('myshelter.auth_user_groups_id_seq', 1, false);


--
-- Name: auth_user_id_seq; Type: SEQUENCE SET; Schema: myshelter; Owner: postgres
--

SELECT pg_catalog.setval('myshelter.auth_user_id_seq', 3, true);


--
-- Name: auth_user_user_permissions_id_seq; Type: SEQUENCE SET; Schema: myshelter; Owner: postgres
--

SELECT pg_catalog.setval('myshelter.auth_user_user_permissions_id_seq', 1, false);


--
-- Name: django_admin_log_id_seq; Type: SEQUENCE SET; Schema: myshelter; Owner: postgres
--

SELECT pg_catalog.setval('myshelter.django_admin_log_id_seq', 29, true);


--
-- Name: django_content_type_id_seq; Type: SEQUENCE SET; Schema: myshelter; Owner: postgres
--

SELECT pg_catalog.setval('myshelter.django_content_type_id_seq', 15, true);


--
-- Name: django_migrations_id_seq; Type: SEQUENCE SET; Schema: myshelter; Owner: postgres
--

SELECT pg_catalog.setval('myshelter.django_migrations_id_seq', 32, true);


--
-- Name: auth_group_id_seq; Type: SEQUENCE SET; Schema: public; Owner: postgres
--

SELECT pg_catalog.setval('public.auth_group_id_seq', 1, false);


--
-- Name: auth_group_permissions_id_seq; Type: SEQUENCE SET; Schema: public; Owner: postgres
--

SELECT pg_catalog.setval('public.auth_group_permissions_id_seq', 1, false);


--
-- Name: auth_permission_id_seq; Type: SEQUENCE SET; Schema: public; Owner: postgres
--

SELECT pg_catalog.setval('public.auth_permission_id_seq', 60, true);


--
-- Name: auth_user_groups_id_seq; Type: SEQUENCE SET; Schema: public; Owner: postgres
--

SELECT pg_catalog.setval('public.auth_user_groups_id_seq', 1, false);


--
-- Name: auth_user_id_seq; Type: SEQUENCE SET; Schema: public; Owner: postgres
--

SELECT pg_catalog.setval('public.auth_user_id_seq', 5, true);


--
-- Name: auth_user_user_permissions_id_seq; Type: SEQUENCE SET; Schema: public; Owner: postgres
--

SELECT pg_catalog.setval('public.auth_user_user_permissions_id_seq', 1, false);


--
-- Name: django_admin_log_id_seq; Type: SEQUENCE SET; Schema: public; Owner: postgres
--

SELECT pg_catalog.setval('public.django_admin_log_id_seq', 1, false);


--
-- Name: django_content_type_id_seq; Type: SEQUENCE SET; Schema: public; Owner: postgres
--

SELECT pg_catalog.setval('public.django_content_type_id_seq', 15, true);


--
-- Name: django_migrations_id_seq; Type: SEQUENCE SET; Schema: public; Owner: postgres
--

SELECT pg_catalog.setval('public.django_migrations_id_seq', 32, true);


--
-- Name: shelter_domain_id_seq; Type: SEQUENCE SET; Schema: public; Owner: postgres
--

SELECT pg_catalog.setval('public.shelter_domain_id_seq', 1, true);


--
-- Name: shelter_shelter_id_seq; Type: SEQUENCE SET; Schema: public; Owner: postgres
--

SELECT pg_catalog.setval('public.shelter_shelter_id_seq', 3, true);


--
-- Name: shelter_shelteruser_id_seq; Type: SEQUENCE SET; Schema: public; Owner: postgres
--

SELECT pg_catalog.setval('public.shelter_shelteruser_id_seq', 2, true);


--
-- Name: animals_animal animals_animal_chip_id_key; Type: CONSTRAINT; Schema: myshelter; Owner: postgres
--

ALTER TABLE ONLY myshelter.animals_animal
    ADD CONSTRAINT animals_animal_chip_id_key UNIQUE (chip_id);


--
-- Name: animals_animal animals_animal_pkey; Type: CONSTRAINT; Schema: myshelter; Owner: postgres
--

ALTER TABLE ONLY myshelter.animals_animal
    ADD CONSTRAINT animals_animal_pkey PRIMARY KEY (id);


--
-- Name: animals_animalphoto animals_animalphoto_pkey; Type: CONSTRAINT; Schema: myshelter; Owner: postgres
--

ALTER TABLE ONLY myshelter.animals_animalphoto
    ADD CONSTRAINT animals_animalphoto_pkey PRIMARY KEY (id);


--
-- Name: animals_medicalrecord animals_medicalrecord_pkey; Type: CONSTRAINT; Schema: myshelter; Owner: postgres
--

ALTER TABLE ONLY myshelter.animals_medicalrecord
    ADD CONSTRAINT animals_medicalrecord_pkey PRIMARY KEY (id);


--
-- Name: animals_vaccination animals_vaccination_pkey; Type: CONSTRAINT; Schema: myshelter; Owner: postgres
--

ALTER TABLE ONLY myshelter.animals_vaccination
    ADD CONSTRAINT animals_vaccination_pkey PRIMARY KEY (id);


--
-- Name: auth_group auth_group_name_key; Type: CONSTRAINT; Schema: myshelter; Owner: postgres
--

ALTER TABLE ONLY myshelter.auth_group
    ADD CONSTRAINT auth_group_name_key UNIQUE (name);


--
-- Name: auth_group_permissions auth_group_permissions_group_id_permission_id_0cd325b0_uniq; Type: CONSTRAINT; Schema: myshelter; Owner: postgres
--

ALTER TABLE ONLY myshelter.auth_group_permissions
    ADD CONSTRAINT auth_group_permissions_group_id_permission_id_0cd325b0_uniq UNIQUE (group_id, permission_id);


--
-- Name: auth_group_permissions auth_group_permissions_pkey; Type: CONSTRAINT; Schema: myshelter; Owner: postgres
--

ALTER TABLE ONLY myshelter.auth_group_permissions
    ADD CONSTRAINT auth_group_permissions_pkey PRIMARY KEY (id);


--
-- Name: auth_group auth_group_pkey; Type: CONSTRAINT; Schema: myshelter; Owner: postgres
--

ALTER TABLE ONLY myshelter.auth_group
    ADD CONSTRAINT auth_group_pkey PRIMARY KEY (id);


--
-- Name: auth_permission auth_permission_content_type_id_codename_01ab375a_uniq; Type: CONSTRAINT; Schema: myshelter; Owner: postgres
--

ALTER TABLE ONLY myshelter.auth_permission
    ADD CONSTRAINT auth_permission_content_type_id_codename_01ab375a_uniq UNIQUE (content_type_id, codename);


--
-- Name: auth_permission auth_permission_pkey; Type: CONSTRAINT; Schema: myshelter; Owner: postgres
--

ALTER TABLE ONLY myshelter.auth_permission
    ADD CONSTRAINT auth_permission_pkey PRIMARY KEY (id);


--
-- Name: auth_user_groups auth_user_groups_pkey; Type: CONSTRAINT; Schema: myshelter; Owner: postgres
--

ALTER TABLE ONLY myshelter.auth_user_groups
    ADD CONSTRAINT auth_user_groups_pkey PRIMARY KEY (id);


--
-- Name: auth_user_groups auth_user_groups_user_id_group_id_94350c0c_uniq; Type: CONSTRAINT; Schema: myshelter; Owner: postgres
--

ALTER TABLE ONLY myshelter.auth_user_groups
    ADD CONSTRAINT auth_user_groups_user_id_group_id_94350c0c_uniq UNIQUE (user_id, group_id);


--
-- Name: auth_user auth_user_pkey; Type: CONSTRAINT; Schema: myshelter; Owner: postgres
--

ALTER TABLE ONLY myshelter.auth_user
    ADD CONSTRAINT auth_user_pkey PRIMARY KEY (id);


--
-- Name: auth_user_user_permissions auth_user_user_permissions_pkey; Type: CONSTRAINT; Schema: myshelter; Owner: postgres
--

ALTER TABLE ONLY myshelter.auth_user_user_permissions
    ADD CONSTRAINT auth_user_user_permissions_pkey PRIMARY KEY (id);


--
-- Name: auth_user_user_permissions auth_user_user_permissions_user_id_permission_id_14a6b632_uniq; Type: CONSTRAINT; Schema: myshelter; Owner: postgres
--

ALTER TABLE ONLY myshelter.auth_user_user_permissions
    ADD CONSTRAINT auth_user_user_permissions_user_id_permission_id_14a6b632_uniq UNIQUE (user_id, permission_id);


--
-- Name: auth_user auth_user_username_key; Type: CONSTRAINT; Schema: myshelter; Owner: postgres
--

ALTER TABLE ONLY myshelter.auth_user
    ADD CONSTRAINT auth_user_username_key UNIQUE (username);


--
-- Name: django_admin_log django_admin_log_pkey; Type: CONSTRAINT; Schema: myshelter; Owner: postgres
--

ALTER TABLE ONLY myshelter.django_admin_log
    ADD CONSTRAINT django_admin_log_pkey PRIMARY KEY (id);


--
-- Name: django_content_type django_content_type_app_label_model_76bd3d3b_uniq; Type: CONSTRAINT; Schema: myshelter; Owner: postgres
--

ALTER TABLE ONLY myshelter.django_content_type
    ADD CONSTRAINT django_content_type_app_label_model_76bd3d3b_uniq UNIQUE (app_label, model);


--
-- Name: django_content_type django_content_type_pkey; Type: CONSTRAINT; Schema: myshelter; Owner: postgres
--

ALTER TABLE ONLY myshelter.django_content_type
    ADD CONSTRAINT django_content_type_pkey PRIMARY KEY (id);


--
-- Name: django_migrations django_migrations_pkey; Type: CONSTRAINT; Schema: myshelter; Owner: postgres
--

ALTER TABLE ONLY myshelter.django_migrations
    ADD CONSTRAINT django_migrations_pkey PRIMARY KEY (id);


--
-- Name: django_session django_session_pkey; Type: CONSTRAINT; Schema: myshelter; Owner: postgres
--

ALTER TABLE ONLY myshelter.django_session
    ADD CONSTRAINT django_session_pkey PRIMARY KEY (session_key);


--
-- Name: auth_group auth_group_name_key; Type: CONSTRAINT; Schema: public; Owner: postgres
--

ALTER TABLE ONLY public.auth_group
    ADD CONSTRAINT auth_group_name_key UNIQUE (name);


--
-- Name: auth_group_permissions auth_group_permissions_group_id_permission_id_0cd325b0_uniq; Type: CONSTRAINT; Schema: public; Owner: postgres
--

ALTER TABLE ONLY public.auth_group_permissions
    ADD CONSTRAINT auth_group_permissions_group_id_permission_id_0cd325b0_uniq UNIQUE (group_id, permission_id);


--
-- Name: auth_group_permissions auth_group_permissions_pkey; Type: CONSTRAINT; Schema: public; Owner: postgres
--

ALTER TABLE ONLY public.auth_group_permissions
    ADD CONSTRAINT auth_group_permissions_pkey PRIMARY KEY (id);


--
-- Name: auth_group auth_group_pkey; Type: CONSTRAINT; Schema: public; Owner: postgres
--

ALTER TABLE ONLY public.auth_group
    ADD CONSTRAINT auth_group_pkey PRIMARY KEY (id);


--
-- Name: auth_permission auth_permission_content_type_id_codename_01ab375a_uniq; Type: CONSTRAINT; Schema: public; Owner: postgres
--

ALTER TABLE ONLY public.auth_permission
    ADD CONSTRAINT auth_permission_content_type_id_codename_01ab375a_uniq UNIQUE (content_type_id, codename);


--
-- Name: auth_permission auth_permission_pkey; Type: CONSTRAINT; Schema: public; Owner: postgres
--

ALTER TABLE ONLY public.auth_permission
    ADD CONSTRAINT auth_permission_pkey PRIMARY KEY (id);


--
-- Name: auth_user_groups auth_user_groups_pkey; Type: CONSTRAINT; Schema: public; Owner: postgres
--

ALTER TABLE ONLY public.auth_user_groups
    ADD CONSTRAINT auth_user_groups_pkey PRIMARY KEY (id);


--
-- Name: auth_user_groups auth_user_groups_user_id_group_id_94350c0c_uniq; Type: CONSTRAINT; Schema: public; Owner: postgres
--

ALTER TABLE ONLY public.auth_user_groups
    ADD CONSTRAINT auth_user_groups_user_id_group_id_94350c0c_uniq UNIQUE (user_id, group_id);


--
-- Name: auth_user auth_user_pkey; Type: CONSTRAINT; Schema: public; Owner: postgres
--

ALTER TABLE ONLY public.auth_user
    ADD CONSTRAINT auth_user_pkey PRIMARY KEY (id);


--
-- Name: auth_user_user_permissions auth_user_user_permissions_pkey; Type: CONSTRAINT; Schema: public; Owner: postgres
--

ALTER TABLE ONLY public.auth_user_user_permissions
    ADD CONSTRAINT auth_user_user_permissions_pkey PRIMARY KEY (id);


--
-- Name: auth_user_user_permissions auth_user_user_permissions_user_id_permission_id_14a6b632_uniq; Type: CONSTRAINT; Schema: public; Owner: postgres
--

ALTER TABLE ONLY public.auth_user_user_permissions
    ADD CONSTRAINT auth_user_user_permissions_user_id_permission_id_14a6b632_uniq UNIQUE (user_id, permission_id);


--
-- Name: auth_user auth_user_username_key; Type: CONSTRAINT; Schema: public; Owner: postgres
--

ALTER TABLE ONLY public.auth_user
    ADD CONSTRAINT auth_user_username_key UNIQUE (username);


--
-- Name: authtoken_token authtoken_token_pkey; Type: CONSTRAINT; Schema: public; Owner: postgres
--

ALTER TABLE ONLY public.authtoken_token
    ADD CONSTRAINT authtoken_token_pkey PRIMARY KEY (key);


--
-- Name: authtoken_token authtoken_token_user_id_key; Type: CONSTRAINT; Schema: public; Owner: postgres
--

ALTER TABLE ONLY public.authtoken_token
    ADD CONSTRAINT authtoken_token_user_id_key UNIQUE (user_id);


--
-- Name: django_admin_log django_admin_log_pkey; Type: CONSTRAINT; Schema: public; Owner: postgres
--

ALTER TABLE ONLY public.django_admin_log
    ADD CONSTRAINT django_admin_log_pkey PRIMARY KEY (id);


--
-- Name: django_content_type django_content_type_app_label_model_76bd3d3b_uniq; Type: CONSTRAINT; Schema: public; Owner: postgres
--

ALTER TABLE ONLY public.django_content_type
    ADD CONSTRAINT django_content_type_app_label_model_76bd3d3b_uniq UNIQUE (app_label, model);


--
-- Name: django_content_type django_content_type_pkey; Type: CONSTRAINT; Schema: public; Owner: postgres
--

ALTER TABLE ONLY public.django_content_type
    ADD CONSTRAINT django_content_type_pkey PRIMARY KEY (id);


--
-- Name: django_migrations django_migrations_pkey; Type: CONSTRAINT; Schema: public; Owner: postgres
--

ALTER TABLE ONLY public.django_migrations
    ADD CONSTRAINT django_migrations_pkey PRIMARY KEY (id);


--
-- Name: django_session django_session_pkey; Type: CONSTRAINT; Schema: public; Owner: postgres
--

ALTER TABLE ONLY public.django_session
    ADD CONSTRAINT django_session_pkey PRIMARY KEY (session_key);


--
-- Name: shelter_domain shelter_domain_domain_key; Type: CONSTRAINT; Schema: public; Owner: postgres
--

ALTER TABLE ONLY public.shelter_domain
    ADD CONSTRAINT shelter_domain_domain_key UNIQUE (domain);


--
-- Name: shelter_domain shelter_domain_pkey; Type: CONSTRAINT; Schema: public; Owner: postgres
--

ALTER TABLE ONLY public.shelter_domain
    ADD CONSTRAINT shelter_domain_pkey PRIMARY KEY (id);


--
-- Name: shelter_shelter shelter_shelter_pkey; Type: CONSTRAINT; Schema: public; Owner: postgres
--

ALTER TABLE ONLY public.shelter_shelter
    ADD CONSTRAINT shelter_shelter_pkey PRIMARY KEY (id);


--
-- Name: shelter_shelter shelter_shelter_schema_name_key; Type: CONSTRAINT; Schema: public; Owner: postgres
--

ALTER TABLE ONLY public.shelter_shelter
    ADD CONSTRAINT shelter_shelter_schema_name_key UNIQUE (schema_name);


--
-- Name: shelter_shelteruser shelter_shelteruser_pkey; Type: CONSTRAINT; Schema: public; Owner: postgres
--

ALTER TABLE ONLY public.shelter_shelteruser
    ADD CONSTRAINT shelter_shelteruser_pkey PRIMARY KEY (id);


--
-- Name: shelter_shelteruser shelter_shelteruser_user_id_key; Type: CONSTRAINT; Schema: public; Owner: postgres
--

ALTER TABLE ONLY public.shelter_shelteruser
    ADD CONSTRAINT shelter_shelteruser_user_id_key UNIQUE (user_id);


--
-- Name: animals_animal_chip_id_52ce0751_like; Type: INDEX; Schema: myshelter; Owner: postgres
--

CREATE INDEX animals_animal_chip_id_52ce0751_like ON myshelter.animals_animal USING btree (chip_id varchar_pattern_ops);


--
-- Name: animals_animal_created_by_id_12785df5; Type: INDEX; Schema: myshelter; Owner: postgres
--

CREATE INDEX animals_animal_created_by_id_12785df5 ON myshelter.animals_animal USING btree (created_by_id);


--
-- Name: animals_animalphoto_animal_id_aef28a12; Type: INDEX; Schema: myshelter; Owner: postgres
--

CREATE INDEX animals_animalphoto_animal_id_aef28a12 ON myshelter.animals_animalphoto USING btree (animal_id);


--
-- Name: animals_animalphoto_uploaded_by_id_d639c966; Type: INDEX; Schema: myshelter; Owner: postgres
--

CREATE INDEX animals_animalphoto_uploaded_by_id_d639c966 ON myshelter.animals_animalphoto USING btree (uploaded_by_id);


--
-- Name: animals_medicalrecord_animal_id_9bbd9813; Type: INDEX; Schema: myshelter; Owner: postgres
--

CREATE INDEX animals_medicalrecord_animal_id_9bbd9813 ON myshelter.animals_medicalrecord USING btree (animal_id);


--
-- Name: animals_medicalrecord_created_by_id_4be59e35; Type: INDEX; Schema: myshelter; Owner: postgres
--

CREATE INDEX animals_medicalrecord_created_by_id_4be59e35 ON myshelter.animals_medicalrecord USING btree (created_by_id);


--
-- Name: animals_vaccination_animal_id_f881bf90; Type: INDEX; Schema: myshelter; Owner: postgres
--

CREATE INDEX animals_vaccination_animal_id_f881bf90 ON myshelter.animals_vaccination USING btree (animal_id);


--
-- Name: animals_vaccination_created_by_id_05963d41; Type: INDEX; Schema: myshelter; Owner: postgres
--

CREATE INDEX animals_vaccination_created_by_id_05963d41 ON myshelter.animals_vaccination USING btree (created_by_id);


--
-- Name: auth_group_name_a6ea08ec_like; Type: INDEX; Schema: myshelter; Owner: postgres
--

CREATE INDEX auth_group_name_a6ea08ec_like ON myshelter.auth_group USING btree (name varchar_pattern_ops);


--
-- Name: auth_group_permissions_group_id_b120cbf9; Type: INDEX; Schema: myshelter; Owner: postgres
--

CREATE INDEX auth_group_permissions_group_id_b120cbf9 ON myshelter.auth_group_permissions USING btree (group_id);


--
-- Name: auth_group_permissions_permission_id_84c5c92e; Type: INDEX; Schema: myshelter; Owner: postgres
--

CREATE INDEX auth_group_permissions_permission_id_84c5c92e ON myshelter.auth_group_permissions USING btree (permission_id);


--
-- Name: auth_permission_content_type_id_2f476e4b; Type: INDEX; Schema: myshelter; Owner: postgres
--

CREATE INDEX auth_permission_content_type_id_2f476e4b ON myshelter.auth_permission USING btree (content_type_id);


--
-- Name: auth_user_groups_group_id_97559544; Type: INDEX; Schema: myshelter; Owner: postgres
--

CREATE INDEX auth_user_groups_group_id_97559544 ON myshelter.auth_user_groups USING btree (group_id);


--
-- Name: auth_user_groups_user_id_6a12ed8b; Type: INDEX; Schema: myshelter; Owner: postgres
--

CREATE INDEX auth_user_groups_user_id_6a12ed8b ON myshelter.auth_user_groups USING btree (user_id);


--
-- Name: auth_user_user_permissions_permission_id_1fbb5f2c; Type: INDEX; Schema: myshelter; Owner: postgres
--

CREATE INDEX auth_user_user_permissions_permission_id_1fbb5f2c ON myshelter.auth_user_user_permissions USING btree (permission_id);


--
-- Name: auth_user_user_permissions_user_id_a95ead1b; Type: INDEX; Schema: myshelter; Owner: postgres
--

CREATE INDEX auth_user_user_permissions_user_id_a95ead1b ON myshelter.auth_user_user_permissions USING btree (user_id);


--
-- Name: auth_user_username_6821ab7c_like; Type: INDEX; Schema: myshelter; Owner: postgres
--

CREATE INDEX auth_user_username_6821ab7c_like ON myshelter.auth_user USING btree (username varchar_pattern_ops);


--
-- Name: django_admin_log_content_type_id_c4bce8eb; Type: INDEX; Schema: myshelter; Owner: postgres
--

CREATE INDEX django_admin_log_content_type_id_c4bce8eb ON myshelter.django_admin_log USING btree (content_type_id);


--
-- Name: django_admin_log_user_id_c564eba6; Type: INDEX; Schema: myshelter; Owner: postgres
--

CREATE INDEX django_admin_log_user_id_c564eba6 ON myshelter.django_admin_log USING btree (user_id);


--
-- Name: django_session_expire_date_a5c62663; Type: INDEX; Schema: myshelter; Owner: postgres
--

CREATE INDEX django_session_expire_date_a5c62663 ON myshelter.django_session USING btree (expire_date);


--
-- Name: django_session_session_key_c0390e0f_like; Type: INDEX; Schema: myshelter; Owner: postgres
--

CREATE INDEX django_session_session_key_c0390e0f_like ON myshelter.django_session USING btree (session_key varchar_pattern_ops);


--
-- Name: auth_group_name_a6ea08ec_like; Type: INDEX; Schema: public; Owner: postgres
--

CREATE INDEX auth_group_name_a6ea08ec_like ON public.auth_group USING btree (name varchar_pattern_ops);


--
-- Name: auth_group_permissions_group_id_b120cbf9; Type: INDEX; Schema: public; Owner: postgres
--

CREATE INDEX auth_group_permissions_group_id_b120cbf9 ON public.auth_group_permissions USING btree (group_id);


--
-- Name: auth_group_permissions_permission_id_84c5c92e; Type: INDEX; Schema: public; Owner: postgres
--

CREATE INDEX auth_group_permissions_permission_id_84c5c92e ON public.auth_group_permissions USING btree (permission_id);


--
-- Name: auth_permission_content_type_id_2f476e4b; Type: INDEX; Schema: public; Owner: postgres
--

CREATE INDEX auth_permission_content_type_id_2f476e4b ON public.auth_permission USING btree (content_type_id);


--
-- Name: auth_user_groups_group_id_97559544; Type: INDEX; Schema: public; Owner: postgres
--

CREATE INDEX auth_user_groups_group_id_97559544 ON public.auth_user_groups USING btree (group_id);


--
-- Name: auth_user_groups_user_id_6a12ed8b; Type: INDEX; Schema: public; Owner: postgres
--

CREATE INDEX auth_user_groups_user_id_6a12ed8b ON public.auth_user_groups USING btree (user_id);


--
-- Name: auth_user_user_permissions_permission_id_1fbb5f2c; Type: INDEX; Schema: public; Owner: postgres
--

CREATE INDEX auth_user_user_permissions_permission_id_1fbb5f2c ON public.auth_user_user_permissions USING btree (permission_id);


--
-- Name: auth_user_user_permissions_user_id_a95ead1b; Type: INDEX; Schema: public; Owner: postgres
--

CREATE INDEX auth_user_user_permissions_user_id_a95ead1b ON public.auth_user_user_permissions USING btree (user_id);


--
-- Name: auth_user_username_6821ab7c_like; Type: INDEX; Schema: public; Owner: postgres
--

CREATE INDEX auth_user_username_6821ab7c_like ON public.auth_user USING btree (username varchar_pattern_ops);


--
-- Name: authtoken_token_key_10f0b77e_like; Type: INDEX; Schema: public; Owner: postgres
--

CREATE INDEX authtoken_token_key_10f0b77e_like ON public.authtoken_token USING btree (key varchar_pattern_ops);


--
-- Name: django_admin_log_content_type_id_c4bce8eb; Type: INDEX; Schema: public; Owner: postgres
--

CREATE INDEX django_admin_log_content_type_id_c4bce8eb ON public.django_admin_log USING btree (content_type_id);


--
-- Name: django_admin_log_user_id_c564eba6; Type: INDEX; Schema: public; Owner: postgres
--

CREATE INDEX django_admin_log_user_id_c564eba6 ON public.django_admin_log USING btree (user_id);


--
-- Name: django_session_expire_date_a5c62663; Type: INDEX; Schema: public; Owner: postgres
--

CREATE INDEX django_session_expire_date_a5c62663 ON public.django_session USING btree (expire_date);


--
-- Name: django_session_session_key_c0390e0f_like; Type: INDEX; Schema: public; Owner: postgres
--

CREATE INDEX django_session_session_key_c0390e0f_like ON public.django_session USING btree (session_key varchar_pattern_ops);


--
-- Name: shelter_domain_domain_0ea4a3f4_like; Type: INDEX; Schema: public; Owner: postgres
--

CREATE INDEX shelter_domain_domain_0ea4a3f4_like ON public.shelter_domain USING btree (domain varchar_pattern_ops);


--
-- Name: shelter_domain_is_primary_33b7ea89; Type: INDEX; Schema: public; Owner: postgres
--

CREATE INDEX shelter_domain_is_primary_33b7ea89 ON public.shelter_domain USING btree (is_primary);


--
-- Name: shelter_domain_tenant_id_ba9297c7; Type: INDEX; Schema: public; Owner: postgres
--

CREATE INDEX shelter_domain_tenant_id_ba9297c7 ON public.shelter_domain USING btree (tenant_id);


--
-- Name: shelter_shelter_schema_name_3e57fffa_like; Type: INDEX; Schema: public; Owner: postgres
--

CREATE INDEX shelter_shelter_schema_name_3e57fffa_like ON public.shelter_shelter USING btree (schema_name varchar_pattern_ops);


--
-- Name: animals_animal animals_animal_created_by_id_12785df5_fk_auth_user_id; Type: FK CONSTRAINT; Schema: myshelter; Owner: postgres
--

ALTER TABLE ONLY myshelter.animals_animal
    ADD CONSTRAINT animals_animal_created_by_id_12785df5_fk_auth_user_id FOREIGN KEY (created_by_id) REFERENCES myshelter.auth_user(id) DEFERRABLE INITIALLY DEFERRED;


--
-- Name: animals_animalphoto animals_animalphoto_animal_id_aef28a12_fk_animals_animal_id; Type: FK CONSTRAINT; Schema: myshelter; Owner: postgres
--

ALTER TABLE ONLY myshelter.animals_animalphoto
    ADD CONSTRAINT animals_animalphoto_animal_id_aef28a12_fk_animals_animal_id FOREIGN KEY (animal_id) REFERENCES myshelter.animals_animal(id) DEFERRABLE INITIALLY DEFERRED;


--
-- Name: animals_animalphoto animals_animalphoto_uploaded_by_id_d639c966_fk_auth_user_id; Type: FK CONSTRAINT; Schema: myshelter; Owner: postgres
--

ALTER TABLE ONLY myshelter.animals_animalphoto
    ADD CONSTRAINT animals_animalphoto_uploaded_by_id_d639c966_fk_auth_user_id FOREIGN KEY (uploaded_by_id) REFERENCES myshelter.auth_user(id) DEFERRABLE INITIALLY DEFERRED;


--
-- Name: animals_medicalrecord animals_medicalrecord_animal_id_9bbd9813_fk_animals_animal_id; Type: FK CONSTRAINT; Schema: myshelter; Owner: postgres
--

ALTER TABLE ONLY myshelter.animals_medicalrecord
    ADD CONSTRAINT animals_medicalrecord_animal_id_9bbd9813_fk_animals_animal_id FOREIGN KEY (animal_id) REFERENCES myshelter.animals_animal(id) DEFERRABLE INITIALLY DEFERRED;


--
-- Name: animals_medicalrecord animals_medicalrecord_created_by_id_4be59e35_fk_auth_user_id; Type: FK CONSTRAINT; Schema: myshelter; Owner: postgres
--

ALTER TABLE ONLY myshelter.animals_medicalrecord
    ADD CONSTRAINT animals_medicalrecord_created_by_id_4be59e35_fk_auth_user_id FOREIGN KEY (created_by_id) REFERENCES myshelter.auth_user(id) DEFERRABLE INITIALLY DEFERRED;


--
-- Name: animals_vaccination animals_vaccination_animal_id_f881bf90_fk_animals_animal_id; Type: FK CONSTRAINT; Schema: myshelter; Owner: postgres
--

ALTER TABLE ONLY myshelter.animals_vaccination
    ADD CONSTRAINT animals_vaccination_animal_id_f881bf90_fk_animals_animal_id FOREIGN KEY (animal_id) REFERENCES myshelter.animals_animal(id) DEFERRABLE INITIALLY DEFERRED;


--
-- Name: animals_vaccination animals_vaccination_created_by_id_05963d41_fk_auth_user_id; Type: FK CONSTRAINT; Schema: myshelter; Owner: postgres
--

ALTER TABLE ONLY myshelter.animals_vaccination
    ADD CONSTRAINT animals_vaccination_created_by_id_05963d41_fk_auth_user_id FOREIGN KEY (created_by_id) REFERENCES myshelter.auth_user(id) DEFERRABLE INITIALLY DEFERRED;


--
-- Name: auth_group_permissions auth_group_permissio_permission_id_84c5c92e_fk_auth_perm; Type: FK CONSTRAINT; Schema: myshelter; Owner: postgres
--

ALTER TABLE ONLY myshelter.auth_group_permissions
    ADD CONSTRAINT auth_group_permissio_permission_id_84c5c92e_fk_auth_perm FOREIGN KEY (permission_id) REFERENCES myshelter.auth_permission(id) DEFERRABLE INITIALLY DEFERRED;


--
-- Name: auth_group_permissions auth_group_permissions_group_id_b120cbf9_fk_auth_group_id; Type: FK CONSTRAINT; Schema: myshelter; Owner: postgres
--

ALTER TABLE ONLY myshelter.auth_group_permissions
    ADD CONSTRAINT auth_group_permissions_group_id_b120cbf9_fk_auth_group_id FOREIGN KEY (group_id) REFERENCES myshelter.auth_group(id) DEFERRABLE INITIALLY DEFERRED;


--
-- Name: auth_permission auth_permission_content_type_id_2f476e4b_fk_django_co; Type: FK CONSTRAINT; Schema: myshelter; Owner: postgres
--

ALTER TABLE ONLY myshelter.auth_permission
    ADD CONSTRAINT auth_permission_content_type_id_2f476e4b_fk_django_co FOREIGN KEY (content_type_id) REFERENCES myshelter.django_content_type(id) DEFERRABLE INITIALLY DEFERRED;


--
-- Name: auth_user_groups auth_user_groups_group_id_97559544_fk_auth_group_id; Type: FK CONSTRAINT; Schema: myshelter; Owner: postgres
--

ALTER TABLE ONLY myshelter.auth_user_groups
    ADD CONSTRAINT auth_user_groups_group_id_97559544_fk_auth_group_id FOREIGN KEY (group_id) REFERENCES myshelter.auth_group(id) DEFERRABLE INITIALLY DEFERRED;


--
-- Name: auth_user_groups auth_user_groups_user_id_6a12ed8b_fk_auth_user_id; Type: FK CONSTRAINT; Schema: myshelter; Owner: postgres
--

ALTER TABLE ONLY myshelter.auth_user_groups
    ADD CONSTRAINT auth_user_groups_user_id_6a12ed8b_fk_auth_user_id FOREIGN KEY (user_id) REFERENCES myshelter.auth_user(id) DEFERRABLE INITIALLY DEFERRED;


--
-- Name: auth_user_user_permissions auth_user_user_permi_permission_id_1fbb5f2c_fk_auth_perm; Type: FK CONSTRAINT; Schema: myshelter; Owner: postgres
--

ALTER TABLE ONLY myshelter.auth_user_user_permissions
    ADD CONSTRAINT auth_user_user_permi_permission_id_1fbb5f2c_fk_auth_perm FOREIGN KEY (permission_id) REFERENCES myshelter.auth_permission(id) DEFERRABLE INITIALLY DEFERRED;


--
-- Name: auth_user_user_permissions auth_user_user_permissions_user_id_a95ead1b_fk_auth_user_id; Type: FK CONSTRAINT; Schema: myshelter; Owner: postgres
--

ALTER TABLE ONLY myshelter.auth_user_user_permissions
    ADD CONSTRAINT auth_user_user_permissions_user_id_a95ead1b_fk_auth_user_id FOREIGN KEY (user_id) REFERENCES myshelter.auth_user(id) DEFERRABLE INITIALLY DEFERRED;


--
-- Name: django_admin_log django_admin_log_content_type_id_c4bce8eb_fk_django_co; Type: FK CONSTRAINT; Schema: myshelter; Owner: postgres
--

ALTER TABLE ONLY myshelter.django_admin_log
    ADD CONSTRAINT django_admin_log_content_type_id_c4bce8eb_fk_django_co FOREIGN KEY (content_type_id) REFERENCES myshelter.django_content_type(id) DEFERRABLE INITIALLY DEFERRED;


--
-- Name: django_admin_log django_admin_log_user_id_c564eba6_fk_auth_user_id; Type: FK CONSTRAINT; Schema: myshelter; Owner: postgres
--

ALTER TABLE ONLY myshelter.django_admin_log
    ADD CONSTRAINT django_admin_log_user_id_c564eba6_fk_auth_user_id FOREIGN KEY (user_id) REFERENCES myshelter.auth_user(id) DEFERRABLE INITIALLY DEFERRED;


--
-- Name: auth_group_permissions auth_group_permissio_permission_id_84c5c92e_fk_auth_perm; Type: FK CONSTRAINT; Schema: public; Owner: postgres
--

ALTER TABLE ONLY public.auth_group_permissions
    ADD CONSTRAINT auth_group_permissio_permission_id_84c5c92e_fk_auth_perm FOREIGN KEY (permission_id) REFERENCES public.auth_permission(id) DEFERRABLE INITIALLY DEFERRED;


--
-- Name: auth_group_permissions auth_group_permissions_group_id_b120cbf9_fk_auth_group_id; Type: FK CONSTRAINT; Schema: public; Owner: postgres
--

ALTER TABLE ONLY public.auth_group_permissions
    ADD CONSTRAINT auth_group_permissions_group_id_b120cbf9_fk_auth_group_id FOREIGN KEY (group_id) REFERENCES public.auth_group(id) DEFERRABLE INITIALLY DEFERRED;


--
-- Name: auth_permission auth_permission_content_type_id_2f476e4b_fk_django_co; Type: FK CONSTRAINT; Schema: public; Owner: postgres
--

ALTER TABLE ONLY public.auth_permission
    ADD CONSTRAINT auth_permission_content_type_id_2f476e4b_fk_django_co FOREIGN KEY (content_type_id) REFERENCES public.django_content_type(id) DEFERRABLE INITIALLY DEFERRED;


--
-- Name: auth_user_groups auth_user_groups_group_id_97559544_fk_auth_group_id; Type: FK CONSTRAINT; Schema: public; Owner: postgres
--

ALTER TABLE ONLY public.auth_user_groups
    ADD CONSTRAINT auth_user_groups_group_id_97559544_fk_auth_group_id FOREIGN KEY (group_id) REFERENCES public.auth_group(id) DEFERRABLE INITIALLY DEFERRED;


--
-- Name: auth_user_groups auth_user_groups_user_id_6a12ed8b_fk_auth_user_id; Type: FK CONSTRAINT; Schema: public; Owner: postgres
--

ALTER TABLE ONLY public.auth_user_groups
    ADD CONSTRAINT auth_user_groups_user_id_6a12ed8b_fk_auth_user_id FOREIGN KEY (user_id) REFERENCES public.auth_user(id) DEFERRABLE INITIALLY DEFERRED;


--
-- Name: auth_user_user_permissions auth_user_user_permi_permission_id_1fbb5f2c_fk_auth_perm; Type: FK CONSTRAINT; Schema: public; Owner: postgres
--

ALTER TABLE ONLY public.auth_user_user_permissions
    ADD CONSTRAINT auth_user_user_permi_permission_id_1fbb5f2c_fk_auth_perm FOREIGN KEY (permission_id) REFERENCES public.auth_permission(id) DEFERRABLE INITIALLY DEFERRED;


--
-- Name: auth_user_user_permissions auth_user_user_permissions_user_id_a95ead1b_fk_auth_user_id; Type: FK CONSTRAINT; Schema: public; Owner: postgres
--

ALTER TABLE ONLY public.auth_user_user_permissions
    ADD CONSTRAINT auth_user_user_permissions_user_id_a95ead1b_fk_auth_user_id FOREIGN KEY (user_id) REFERENCES public.auth_user(id) DEFERRABLE INITIALLY DEFERRED;


--
-- Name: authtoken_token authtoken_token_user_id_35299eff_fk_auth_user_id; Type: FK CONSTRAINT; Schema: public; Owner: postgres
--

ALTER TABLE ONLY public.authtoken_token
    ADD CONSTRAINT authtoken_token_user_id_35299eff_fk_auth_user_id FOREIGN KEY (user_id) REFERENCES public.auth_user(id) DEFERRABLE INITIALLY DEFERRED;


--
-- Name: django_admin_log django_admin_log_content_type_id_c4bce8eb_fk_django_co; Type: FK CONSTRAINT; Schema: public; Owner: postgres
--

ALTER TABLE ONLY public.django_admin_log
    ADD CONSTRAINT django_admin_log_content_type_id_c4bce8eb_fk_django_co FOREIGN KEY (content_type_id) REFERENCES public.django_content_type(id) DEFERRABLE INITIALLY DEFERRED;


--
-- Name: django_admin_log django_admin_log_user_id_c564eba6_fk_auth_user_id; Type: FK CONSTRAINT; Schema: public; Owner: postgres
--

ALTER TABLE ONLY public.django_admin_log
    ADD CONSTRAINT django_admin_log_user_id_c564eba6_fk_auth_user_id FOREIGN KEY (user_id) REFERENCES public.auth_user(id) DEFERRABLE INITIALLY DEFERRED;


--
-- Name: shelter_domain shelter_domain_tenant_id_ba9297c7_fk_shelter_shelter_id; Type: FK CONSTRAINT; Schema: public; Owner: postgres
--

ALTER TABLE ONLY public.shelter_domain
    ADD CONSTRAINT shelter_domain_tenant_id_ba9297c7_fk_shelter_shelter_id FOREIGN KEY (tenant_id) REFERENCES public.shelter_shelter(id) DEFERRABLE INITIALLY DEFERRED;


--
-- Name: shelter_shelteruser shelter_shelteruser_user_id_42f71d36_fk_auth_user_id; Type: FK CONSTRAINT; Schema: public; Owner: postgres
--

ALTER TABLE ONLY public.shelter_shelteruser
    ADD CONSTRAINT shelter_shelteruser_user_id_42f71d36_fk_auth_user_id FOREIGN KEY (user_id) REFERENCES public.auth_user(id) DEFERRABLE INITIALLY DEFERRED;


--
-- PostgreSQL database dump complete
--

\unrestrict JyqQqVBicxh1FXUfqM5RhUjyex0n0J82ybaFxTQD0FYv1OTIzOgkgITcqOYBItt

